"","Compound","Matrix","n","u_ref","av_bias","sd_bias","UoB","Significance"
"1","2-Aminobenzimidazole","Apple-QCs",21,0.290957186981323,-0.950681902191291,7.01552042221768,7.02155131571431,"Insignificant"
"2","2-Aminobenzimidazole","Carrot-QCs",21,0.290957186981323,-2.27425348465557,7.0330954064338,7.0391112422419,"Insignificant"
"3","2-Aminobenzimidazole","Onion-QCs",21,0.290957186981323,6.0237399162541,9.80748160693156,9.81179655083394,"Insignificant"
"4","2-Aminobenzimidazole","Orange-QCs",19,0.305887645160749,2.39222352749006,4.94646251943761,4.95591149110465,"Insignificant"
"5","Acephate","Apple-QCs",21,0.290957186981323,-2.72778660242525,8.25002166311286,8.25515072706051,"Insignificant"
"6","Acephate","Carrot-QCs",21,0.290957186981323,2.34011495049528,6.23814732052705,6.24492898896816,"Insignificant"
"7","Acephate","Onion-QCs",21,0.290957186981323,-3.04835795944966,6.52335452691109,6.52983999562221,"Insignificant"
"8","Acephate","Orange-QCs",18,0.314269680527355,2.3119106018727,3.45804076634826,3.47229194824185,"Insignificant"
"9","Azinphos-methyl","Apple-QCs",21,0.290957186981323,4.35344107647955,5.82034934092917,5.82761722620066,"Insignificant"
"10","Azinphos-methyl","Carrot-QCs",21,0.290957186981323,4.31964648334638,6.5853986216663,6.59182304760227,"Insignificant"
"11","Azinphos-methyl","Onion-QCs",19,0.305887645160749,1.40791782512612,5.32715318674634,5.33592806609344,"Insignificant"
"12","Azinphos-methyl","Orange-QCs",20,0.298142396999972,0.0649694443721241,5.5367332098907,5.5447545956873,"Insignificant"
"13","Azoxystrobin","Apple-QCs",21,0.290957186981323,1.44793009162195,7.47368045575342,7.47934192555513,"Insignificant"
"14","Azoxystrobin","Carrot-QCs",18,0.314269680527355,6.03735571618332,3.12768048425671,3.14342975803485,"Insignificant"
"15","Azoxystrobin","Onion-QCs",21,0.290957186981323,0.395177830480292,5.30520703943671,5.31317963332174,"Insignificant"
"16","Azoxystrobin","Orange-QCs",21,0.290957186981323,4.0895763618729,4.75467819138021,4.763572271756,"Insignificant"
"17","Benalaxyl","Apple-QCs",21,0.290957186981323,-0.978450185404497,6.03121211181959,6.03822619834794,"Insignificant"
"18","Benalaxyl","Carrot-QCs",18,0.314269680527355,0.377663192260255,3.61153882430698,3.62518663127505,"Insignificant"
"19","Benalaxyl","Onion-QCs",21,0.290957186981323,-1.08567565676738,3.50237601736116,3.5144407594442,"Insignificant"
"20","Benalaxyl","Orange-QCs",19,0.305887645160749,5.93969362527956,3.09134106203827,3.10643796224967,"Insignificant"
"21","Bifenthrin","Apple-QCs",21,0.290957186981323,-1.18595650297948,7.1345956543139,7.14052597749009,"Insignificant"
"22","Bifenthrin","Carrot-QCs",21,0.290957186981323,2.27022663313691,5.81847065533324,5.82574088435369,"Insignificant"
"23","Bifenthrin","Onion-QCs",21,0.290957186981323,0.192953913185714,7.43912615521617,7.44481390216555,"Insignificant"
"24","Bifenthrin","Orange-QCs",19,0.305887645160749,-2.12930806075487,12.9928931693476,12.996493379429,"Insignificant"
"25","Bitertanol","Apple-QCs",19,0.305887645160749,1.78357017353827,11.6154112503468,11.6194382724013,"Insignificant"
"26","Bitertanol","Carrot-QCs",21,0.290957186981323,2.37538853732531,12.3530412328896,12.3564672858437,"Insignificant"
"27","Bitertanol","Onion-QCs",19,0.305887645160749,-9.90894843136553,8.09220538597597,8.09798464188964,"Insignificant"
"28","Bitertanol","Orange-QCs",21,0.290957186981323,6.52543577273578,12.132249764407,12.135738149392,"Insignificant"
"29","Boscalid","Apple-QCs",21,0.290957186981323,1.5342833345822,9.14656580556355,9.15119238788916,"Insignificant"
"30","Boscalid","Carrot-QCs",21,0.290957186981323,-0.952397805571236,8.47832628700755,8.48331731774896,"Insignificant"
"31","Boscalid","Onion-QCs",21,0.290957186981323,-2.78601692901555,9.38902457120763,9.39353173643421,"Insignificant"
"32","Boscalid","Orange-QCs",21,0.290957186981323,0.246911473300955,9.71466845864688,9.71902460878069,"Insignificant"
"33","Buprofezin","Apple-QCs",21,0.290957186981323,1.36473510386874,6.34921375949885,6.35587692206714,"Insignificant"
"34","Buprofezin","Carrot-QCs",21,0.290957186981323,2.00469546525864,4.70412846948809,4.71311794273222,"Insignificant"
"35","Buprofezin","Onion-QCs",21,0.290957186981323,-0.682596817954364,4.65721035237429,4.66629021289057,"Insignificant"
"36","Buprofezin","Orange-QCs",21,0.290957186981323,4.52265047731611,4.67517314210385,4.68421818378535,"Insignificant"
"37","Carbaryl","Apple-QCs",19,0.305887645160749,0.865957124563437,3.65524317236595,3.66801988824896,"Insignificant"
"38","Carbaryl","Carrot-QCs",20,0.298142396999972,-0.222873785222749,4.94787835483512,4.9568527417238,"Insignificant"
"39","Carbaryl","Onion-QCs",21,0.290957186981323,-1.82744537548248,4.5904347029447,4.59964638278369,"Insignificant"
"40","Carbaryl","Orange-QCs",16,0.333333333333333,-0.411299676279854,2.65754218136807,2.67836546364787,"Insignificant"
"41","Carbendazim","Apple-QCs",21,0.290957186981323,-2.74849895285771,6.84429874334054,6.85048037532763,"Insignificant"
"42","Carbendazim","Carrot-QCs",21,0.290957186981323,-0.471483001507412,8.90263982631157,8.90739310694689,"Insignificant"
"43","Carbendazim","Onion-QCs",21,0.290957186981323,1.2478575924677,7.4846767042545,7.49032986268737,"Insignificant"
"44","Carbendazim","Orange-QCs",21,0.290957186981323,1.3974654124291,5.56439921257221,5.57200095850049,"Insignificant"
"45","Chlorantraniliprole","Apple-QCs",21,0.290957186981323,-0.321758490569705,7.62482705715748,7.63037638234293,"Insignificant"
"46","Chlorantraniliprole","Carrot-QCs",21,0.290957186981323,0.300200407264047,8.37097881580492,8.37603381197275,"Insignificant"
"47","Chlorantraniliprole","Onion-QCs",21,0.290957186981323,3.10082184635106,9.60921503426604,9.6136189678716,"Insignificant"
"48","Chlorantraniliprole","Orange-QCs",21,0.290957186981323,-0.112020368451825,11.6083222528311,11.6119680334657,"Insignificant"
"49","Chlorpyrifos","Apple-QCs",21,0.290957186981323,0.763624136793285,5.61254790479161,5.62008452500822,"Insignificant"
"50","Chlorpyrifos","Carrot-QCs",21,0.290957186981323,-0.214558234251464,4.76143018526581,4.77031167680021,"Insignificant"
"51","Chlorpyrifos","Onion-QCs",21,0.290957186981323,-0.143586713938472,4.50732027759158,4.5167014700381,"Insignificant"
"52","Chlorpyrifos","Orange-QCs",21,0.290957186981323,0.929998671815234,4.59749460931362,4.60669217197371,"Insignificant"
"53","Cinerin1","Apple-QCs",21,0.290957186981323,-0.134623651661854,5.25458878530206,5.26263806348852,"Insignificant"
"54","Cinerin1","Carrot-QCs",21,0.290957186981323,2.00657522645904,6.20939019853187,6.21620324010403,"Insignificant"
"55","Cinerin1","Onion-QCs",20,0.298142396999972,-0.41695630482811,5.8770666980726,5.88462419042056,"Insignificant"
"56","Cinerin1","Orange-QCs",20,0.298142396999972,-2.12801529173574,5.68067887120991,5.68849728194535,"Insignificant"
"57","Cinerin2","Apple-QCs",17,0.323380833381777,-3.5468736316064,3.21065445801268,3.22689900866999,"Insignificant"
"58","Cinerin2","Carrot-QCs",20,0.298142396999972,-2.50065741309134,5.18148517367371,5.19005563495126,"Insignificant"
"59","Cinerin2","Onion-QCs",21,0.290957186981323,1.02096187898269,6.51449170692391,6.52098599018864,"Insignificant"
"60","Cinerin2","Orange-QCs",21,0.290957186981323,5.38704269683314,9.12191121816418,9.12655029881092,"Insignificant"
"61","Clofentezine","Apple-QCs",21,0.290957186981323,-3.82390161053541,6.16044086021452,6.16730797648833,"Insignificant"
"62","Clofentezine","Carrot-QCs",21,0.290957186981323,-0.688570908521404,5.70688592221359,5.71429812083827,"Insignificant"
"63","Clofentezine","Onion-QCs",19,0.305887645160749,-4.96705278420942,3.60013799281199,3.61310957746238,"Insignificant"
"64","Clofentezine","Orange-QCs",21,0.290957186981323,3.76460888595693,7.11783966642855,7.12378393844449,"Insignificant"
"65","Cyproconazole","Apple-QCs",21,0.290957186981323,-1.52870429703414,7.98229841819523,7.98759939667596,"Insignificant"
"66","Cyproconazole","Carrot-QCs",19,0.305887645160749,-1.62526048061699,3.23632440691248,3.25074805517737,"Insignificant"
"67","Cyproconazole","Onion-QCs",18,0.314269680527355,-0.0890036411580054,2.8354988427062,2.85286156675836,"Insignificant"
"68","Cyproconazole","Orange-QCs",21,0.290957186981323,0.0681045976012868,4.92414163355927,4.93273016817338,"Insignificant"
"69","Cyprodinil","Apple-QCs",21,0.290957186981323,-0.725769260512473,5.46466229163768,5.47240258445071,"Insignificant"
"70","Cyprodinil","Carrot-QCs",19,0.305887645160749,-4.16275957776258,4.3983994707009,4.40902315205125,"Insignificant"
"71","Cyprodinil","Onion-QCs",13,0.369800130816819,0.266766343460711,1.8233427611754,1.86046525403805,"Insignificant"
"72","Cyprodinil","Orange-QCs",21,0.290957186981323,2.77333322230447,6.26728996156977,6.27404012953769,"Insignificant"
"73","Demeton S-methyl","Apple-QCs",21,0.290957186981323,1.99826755032861,4.52475291487628,4.53409803878759,"Insignificant"
"74","Demeton S-methyl","Carrot-QCs",20,0.298142396999972,1.86035778261748,4.23071509577294,4.24120727039954,"Insignificant"
"75","Demeton S-methyl","Onion-QCs",21,0.290957186981323,0.337292971851966,5.80628290320162,5.81356837378451,"Insignificant"
"76","Demeton S-methyl","Orange-QCs",21,0.290957186981323,1.25394125903114,7.45933643270717,7.46500878103761,"Insignificant"
"77","Demeton-S","Apple-QCs",19,0.305887645160749,-0.206121742375127,4.52480227636844,4.53512986492019,"Insignificant"
"78","Demeton-S","Carrot-QCs",21,0.290957186981323,3.74925537286823,6.70194518242956,6.70825799391667,"Insignificant"
"79","Demeton-S","Onion-QCs",21,0.290957186981323,-0.305349159030433,5.21284295820129,5.22095659736076,"Insignificant"
"80","Demeton-S","Orange-QCs",21,0.290957186981323,-1.56200765232082,5.72924936627124,5.7366326695698,"Insignificant"
"81","Demeton-S methyl Sulfone","Apple-QCs",20,0.298142396999972,2.23103825612976,8.38135926693151,8.38666036335487,"Insignificant"
"82","Demeton-S methyl Sulfone","Carrot-QCs",20,0.298142396999972,-3.88875044297179,8.88619255031758,8.89119266072941,"Insignificant"
"83","Demeton-S methyl Sulfone","Onion-QCs",21,0.290957186981323,1.9655185073472,9.51844505047593,9.52289096144578,"Insignificant"
"84","Demeton-S methyl Sulfone","Orange-QCs",19,0.305887645160749,0.327498039247976,7.07798464503192,7.08459129991065,"Insignificant"
"85","Demeton-S methyl Sulfoxide","Apple-QCs",21,0.290957186981323,-1.93741066591816,7.7149916868567,7.72047620376646,"Insignificant"
"86","Demeton-S methyl Sulfoxide","Carrot-QCs",21,0.290957186981323,5.01951603509686,11.8004420195283,11.8040284623897,"Insignificant"
"87","Demeton-S methyl Sulfoxide","Onion-QCs",21,0.290957186981323,0.178684631148283,7.55018705993526,7.55579120441201,"Insignificant"
"88","Demeton-S methyl Sulfoxide","Orange-QCs",21,0.290957186981323,2.87024817504112,6.18094618088776,6.18779054070894,"Insignificant"
"89","Diazinon","Apple-QCs",21,0.290957186981323,0.723095816472658,6.72044170412378,6.72673715728378,"Insignificant"
"90","Diazinon","Carrot-QCs",21,0.290957186981323,-2.84623534091706,3.06639550896023,3.08016842104901,"Insignificant"
"91","Diazinon","Onion-QCs",21,0.290957186981323,-3.8070144490311,5.53090110301695,5.53854882582163,"Insignificant"
"92","Diazinon","Orange-QCs",19,0.305887645160749,1.14854921687119,4.08061967354804,4.09206844659389,"Insignificant"
"93","Difenoconazole","Apple-QCs",20,0.298142396999972,3.93646017218486,6.53275442724538,6.53955421229789,"Insignificant"
"94","Difenoconazole","Carrot-QCs",19,0.305887645160749,0.154800204491683,5.50585420527036,5.51434472817535,"Insignificant"
"95","Difenoconazole","Onion-QCs",21,0.290957186981323,-0.607136299104839,4.78464572707562,4.7934842044466,"Insignificant"
"96","Difenoconazole","Orange-QCs",19,0.305887645160749,4.25519533523561,3.92329577016741,3.93520227582719,"Insignificant"
"97","Dimethoate","Apple-QCs",20,0.298142396999972,0.450951492324409,4.25928668662552,4.26970865138996,"Insignificant"
"98","Dimethoate","Carrot-QCs",19,0.305887645160749,-3.97908787613409,4.09266676505948,4.10408193159986,"Insignificant"
"99","Dimethoate","Onion-QCs",17,0.323380833381777,-2.63054770395477,2.92219956762507,2.94003834608103,"Insignificant"
"100","Dimethoate","Orange-QCs",21,0.290957186981323,1.58206361815107,6.66775294210891,6.67409809499816,"Insignificant"
"101","Dimethomorph","Apple-QCs",21,0.290957186981323,-0.468762238763412,5.91674464626468,5.92389426760453,"Insignificant"
"102","Dimethomorph","Carrot-QCs",21,0.290957186981323,0.962830849785725,5.19614236393154,5.20428203990715,"Insignificant"
"103","Dimethomorph","Onion-QCs",21,0.290957186981323,0.575265000057904,6.47558474058662,6.48211800395321,"Insignificant"
"104","Dimethomorph","Orange-QCs",21,0.290957186981323,0.554139671766657,5.5896040547621,5.59717156907567,"Insignificant"
"105","Disulfoton Sulfone","Apple-QCs",21,0.290957186981323,0.782897390761446,5.69269998313174,5.70013062855618,"Insignificant"
"106","Disulfoton Sulfone","Carrot-QCs",21,0.290957186981323,0.0723204579762456,4.0805499156812,4.09090988644604,"Insignificant"
"107","Disulfoton Sulfone","Onion-QCs",19,0.305887645160749,-0.287630139508881,3.81094409022452,3.82320050615701,"Insignificant"
"108","Disulfoton Sulfone","Orange-QCs",20,0.298142396999972,3.1824133567504,3.43766730430562,3.45057174740372,"Insignificant"
"109","Disulfoton Sulfoxide","Apple-QCs",21,0.290957186981323,0.0813267351656467,5.82883102687382,5.83608834961423,"Insignificant"
"110","Disulfoton Sulfoxide","Carrot-QCs",21,0.290957186981323,-0.149342194069248,4.28151502988345,4.29138987226445,"Insignificant"
"111","Disulfoton Sulfoxide","Onion-QCs",20,0.298142396999972,-1.2328787373986,4.75581097590262,4.76514710448741,"Insignificant"
"112","Disulfoton Sulfoxide","Orange-QCs",20,0.298142396999972,2.20788670009435,4.49859012380172,4.50845893747024,"Insignificant"
"113","Diuron","Apple-QCs",20,0.298142396999972,-0.601119302627488,4.6015444935163,4.61119297088064,"Insignificant"
"114","Diuron","Carrot-QCs",18,0.314269680527355,0.916005605867458,3.35632646918092,3.37100768314509,"Insignificant"
"115","Diuron","Onion-QCs",20,0.298142396999972,-2.26175936199496,4.40593292579618,4.41600881288792,"Insignificant"
"116","Diuron","Orange-QCs",21,0.290957186981323,-0.593658970598409,3.73850815845252,3.74981324007905,"Insignificant"
"117","Ethoprophos","Apple-QCs",21,0.290957186981323,1.19939141866712,4.43220133283769,4.44174118330462,"Insignificant"
"118","Ethoprophos","Carrot-QCs",21,0.290957186981323,-0.292294753873426,4.33697947687234,4.34672831765087,"Insignificant"
"119","Ethoprophos","Onion-QCs",17,0.323380833381777,-1.99790096387747,3.98492282106051,3.99802264290831,"Insignificant"
"120","Ethoprophos","Orange-QCs",20,0.298142396999972,1.00613748313689,3.14273245166692,3.15684275054195,"Insignificant"
"121","Fenamiphos","Apple-QCs",20,0.298142396999972,4.35624483295382,5.14578492009138,5.15441474201764,"Insignificant"
"122","Fenamiphos","Carrot-QCs",21,0.290957186981323,2.92501964537682,5.57329506712458,5.58088469598605,"Insignificant"
"123","Fenamiphos","Onion-QCs",21,0.290957186981323,-0.756509915038308,5.60531535215234,5.61286168382322,"Insignificant"
"124","Fenamiphos","Orange-QCs",21,0.290957186981323,5.06182526447374,5.06832813324488,5.07667274412066,"Insignificant"
"125","Fenamiphos Sulfone","Apple-QCs",21,0.290957186981323,-7.85278355510254,8.28234267347489,8.28745173412909,"Insignificant"
"126","Fenamiphos Sulfone","Carrot-QCs",21,0.290957186981323,-5.13803157929816,10.7505412992663,10.7544778725834,"Insignificant"
"127","Fenamiphos Sulfone","Onion-QCs",21,0.290957186981323,-7.94195666046948,8.57259331027457,8.57752948977853,"Insignificant"
"128","Fenamiphos Sulfone","Orange-QCs",19,0.305887645160749,-0.981973965842437,10.4678699204465,10.4723382261485,"Insignificant"
"129","Fenamiphos Sulfoxide","Apple-QCs",20,0.298142396999972,-2.1489651735583,5.45014190503554,5.45829054502537,"Insignificant"
"130","Fenamiphos Sulfoxide","Carrot-QCs",21,0.290957186981323,-0.407062554490942,5.12924037868018,5.13748605321117,"Insignificant"
"131","Fenamiphos Sulfoxide","Onion-QCs",21,0.290957186981323,-2.47187326559538,5.66319320620112,5.67066251644537,"Insignificant"
"132","Fenamiphos Sulfoxide","Orange-QCs",21,0.290957186981323,4.86596267530487,5.80569898228397,5.81298518470065,"Insignificant"
"133","Fenarimol","Apple-QCs",19,0.305887645160749,5.06382464585363,10.4076126687064,10.412106833551,"Insignificant"
"134","Fenarimol","Carrot-QCs",21,0.290957186981323,-0.56446720658143,12.5532802464229,12.5566516647507,"Insignificant"
"135","Fenarimol","Onion-QCs",21,0.290957186981323,1.17505676683757,11.753649138276,11.7572498548918,"Insignificant"
"136","Fenarimol","Orange-QCs",21,0.290957186981323,4.96469975933263,11.1906276203859,11.1944094360891,"Insignificant"
"137","Fenhexamid","Apple-QCs",21,0.290957186981323,1.31544118398921,11.2001633180974,11.20394191509,"Insignificant"
"138","Fenhexamid","Carrot-QCs",19,0.305887645160749,3.9603712536203,9.09720949851918,9.10235068053355,"Insignificant"
"139","Fenhexamid","Onion-QCs",21,0.290957186981323,0.107015043308563,10.4609920314925,10.4650375234686,"Insignificant"
"140","Fenhexamid","Orange-QCs",20,0.298142396999972,1.76378782695567,6.20399844289492,6.21115815032362,"Insignificant"
"141","Fenoxycarb","Apple-QCs",21,0.290957186981323,-0.060651501280004,7.82201170359329,7.82742123408511,"Insignificant"
"142","Fenoxycarb","Carrot-QCs",21,0.290957186981323,2.3915762736239,5.31191991534294,5.3198824490465,"Insignificant"
"143","Fenoxycarb","Onion-QCs",21,0.290957186981323,0.370310798441584,5.14815525993417,5.15637068731913,"Insignificant"
"144","Fenoxycarb","Orange-QCs",20,0.298142396999972,3.31008072155906,3.41605567765221,3.42904145231708,"Insignificant"
"145","Fenpyroximate","Apple-QCs",20,0.298142396999972,0.826571051915789,3.47168869281504,3.48446714272192,"Insignificant"
"146","Fenpyroximate","Carrot-QCs",21,0.290957186981323,2.17892249815298,6.05479871612471,6.061785510676,"Insignificant"
"147","Fenpyroximate","Onion-QCs",21,0.290957186981323,1.27303720360083,5.542782312809,5.55041366493024,"Insignificant"
"148","Fenpyroximate","Orange-QCs",21,0.290957186981323,1.24181255193741,5.67694449286212,5.68439573390995,"Insignificant"
"149","Fenthion","Apple-QCs",21,0.290957186981323,-1.71602229803235,6.52672303452256,6.53320515933974,"Insignificant"
"150","Fenthion","Carrot-QCs",18,0.314269680527355,-1.66496405896729,3.1495459541223,3.16518643198579,"Insignificant"
"151","Fenthion","Onion-QCs",21,0.290957186981323,1.36701977461852,6.22201931030645,6.22881853825286,"Insignificant"
"152","Fenthion","Orange-QCs",21,0.290957186981323,-0.437163666957058,4.78061258504742,4.78945850519345,"Insignificant"
"153","Fenthion-oxon","Apple-QCs",19,0.305887645160749,0.217265041250902,5.17930715900288,5.1883320921815,"Insignificant"
"154","Fenthion-oxon","Carrot-QCs",21,0.290957186981323,-1.11870337182829,4.68980112714569,4.69881801061002,"Insignificant"
"155","Fenthion-oxon","Onion-QCs",21,0.290957186981323,-0.582191281146726,5.89720251965644,5.90437580464678,"Insignificant"
"156","Fenthion-oxon","Orange-QCs",18,0.314269680527355,3.63576136260517,2.53118721029514,2.55062230164727,"Insignificant"
"157","Fenthion-oxon-sulfone","Apple-QCs",19,0.305887645160749,-3.05098399596749,6.53823633593115,6.54538781402236,"Insignificant"
"158","Fenthion-oxon-sulfone","Carrot-QCs",18,0.314269680527355,1.02990379346345,4.99032238026741,5.0002082847714,"Insignificant"
"159","Fenthion-oxon-sulfone","Onion-QCs",21,0.290957186981323,-0.607891526278257,6.9790000211919,6.9850624464247,"Insignificant"
"160","Fenthion-oxon-sulfone","Orange-QCs",21,0.290957186981323,8.82839759674092,7.69760337026031,7.70310026745719,"Insignificant"
"161","Fenthion-oxon-sulfoxide","Apple-QCs",21,0.290957186981323,6.8494820953876,9.6898964865602,9.69426376806964,"Insignificant"
"162","Fenthion-oxon-sulfoxide","Carrot-QCs",21,0.290957186981323,-0.0853364081639772,8.53377007031387,8.53872869329158,"Insignificant"
"163","Fenthion-oxon-sulfoxide","Onion-QCs",21,0.290957186981323,-1.09426137169825,6.39897286513662,6.40558426791896,"Insignificant"
"164","Fenthion-oxon-sulfoxide","Orange-QCs",21,0.290957186981323,-0.560087916433046,6.20723983724362,6.21405523645552,"Insignificant"
"165","Fenthion-sulfone","Apple-QCs",20,0.298142396999972,-1.28828625857036,5.59562036248575,5.60355745307872,"Insignificant"
"166","Fenthion-sulfone","Carrot-QCs",21,0.290957186981323,3.55878564880821,4.80143881271361,4.81024643411217,"Insignificant"
"167","Fenthion-sulfone","Onion-QCs",21,0.290957186981323,-3.47602801932172,5.09172884363439,5.10003516671743,"Insignificant"
"168","Fenthion-sulfone","Orange-QCs",21,0.290957186981323,4.82017829740112,5.48250915443673,5.49022428623264,"Insignificant"
"169","Fenthion-sulfoxide","Apple-QCs",21,0.290957186981323,0.836113299391107,7.15710863563505,7.16302032015391,"Insignificant"
"170","Fenthion-sulfoxide","Carrot-QCs",21,0.290957186981323,-1.17254709362546,3.89581746142276,3.90666734920988,"Insignificant"
"171","Fenthion-sulfoxide","Onion-QCs",21,0.290957186981323,0.167837771876982,4.62160341704481,4.63075309524232,"Insignificant"
"172","Fenthion-sulfoxide","Orange-QCs",21,0.290957186981323,2.2209214891105,4.29504436270138,4.30488817069956,"Insignificant"
"173","Fipronil","Apple-QCs",17,0.323380833381777,-3.14375209327316,5.06301419126852,5.07333104226258,"Insignificant"
"174","Fipronil","Carrot-QCs",21,0.290957186981323,-0.193565197313707,5.88602902818697,5.89321591368548,"Insignificant"
"175","Fipronil","Onion-QCs",21,0.290957186981323,2.41146882058893,6.26011112818667,6.26686902862208,"Insignificant"
"176","Fipronil","Orange-QCs",21,0.290957186981323,-0.906308851594072,4.27692917988544,4.28681458596143,"Insignificant"
"177","Fludioxonil","Apple-QCs",21,0.290957186981323,3.90355338141311,6.68783298822427,6.69415910798637,"Insignificant"
"178","Fludioxonil","Carrot-QCs",21,0.290957186981323,0.781058972480309,7.7822295821971,7.78766674650885,"Insignificant"
"179","Fludioxonil","Onion-QCs",20,0.298142396999972,1.50694200645333,4.54911580690288,4.55887524653862,"Insignificant"
"180","Fludioxonil","Orange-QCs",21,0.290957186981323,2.62828460849676,5.20209908813724,5.21022945823448,"Insignificant"
"181","Flusilazole","Apple-QCs",21,0.290957186981323,1.49705540204537,8.19643283704885,8.20159541411966,"Insignificant"
"182","Flusilazole","Carrot-QCs",21,0.290957186981323,-0.465184262285425,5.20380840659463,5.21193611023783,"Insignificant"
"183","Flusilazole","Onion-QCs",21,0.290957186981323,0.115684422451237,4.92611142054984,4.93469652687251,"Insignificant"
"184","Flusilazole","Orange-QCs",21,0.290957186981323,3.45397811473087,6.50987384730586,6.51637273277802,"Insignificant"
"185","Hexaconazole","Apple-QCs",21,0.290957186981323,3.78666191472792,8.28316239983032,8.28827095518835,"Insignificant"
"186","Hexaconazole","Carrot-QCs",21,0.290957186981323,1.1546159009003,12.5312731973134,12.5346505348319,"Insignificant"
"187","Hexaconazole","Onion-QCs",18,0.314269680527355,0.0590755382372994,5.49730586786827,5.50628161620869,"Insignificant"
"188","Hexaconazole","Orange-QCs",21,0.290957186981323,5.56333400959731,4.30344453040075,4.31326916745201,"Insignificant"
"189","Hexythiazox","Apple-QCs",21,0.290957186981323,0.444839294337742,7.26203532119645,7.267861658766,"Insignificant"
"190","Hexythiazox","Carrot-QCs",21,0.290957186981323,-1.73996324271735,6.00861716322819,6.01565759488491,"Insignificant"
"191","Hexythiazox","Onion-QCs",19,0.305887645160749,-2.02358207576954,5.30746433374977,5.31627171102906,"Insignificant"
"192","Hexythiazox","Orange-QCs",21,0.290957186981323,1.70054535220071,7.68672057790282,7.69222525199378,"Insignificant"
"193","Imazalil","Apple-QCs",21,0.290957186981323,0.562942238076818,5.52740796197425,5.53506051120965,"Insignificant"
"194","Imazalil","Carrot-QCs",21,0.290957186981323,1.45769230138849,5.43613307937992,5.44391393589067,"Insignificant"
"195","Imazalil","Onion-QCs",21,0.290957186981323,2.2917533897524,6.67202985242131,6.67837094179839,"Insignificant"
"196","Imazalil","Orange-QCs",21,0.290957186981323,4.00067732548888,6.33011427888164,6.33679752464581,"Insignificant"
"197","Imidacloprid","Apple-QCs",21,0.290957186981323,-0.715776073162391,12.1452733709942,12.1487580163915,"Insignificant"
"198","Imidacloprid","Carrot-QCs",21,0.290957186981323,-0.801120990346059,13.3893261448435,13.3924870990285,"Insignificant"
"199","Imidacloprid","Onion-QCs",21,0.290957186981323,-4.67951413162591,13.0901634482427,13.0933966252598,"Insignificant"
"200","Imidacloprid","Orange-QCs",21,0.290957186981323,-0.174758316586358,7.87292169324188,7.87829626712367,"Insignificant"
"201","Imidacloprid-olefin","Apple-QCs",21,0.290957186981323,-8.00616145984641,11.5391183849059,11.542786023553,"Insignificant"
"202","Imidacloprid-olefin","Carrot-QCs",21,0.290957186981323,-2.72969004044755,15.4233844055401,15.4261285682997,"Insignificant"
"203","Imidacloprid-olefin","Onion-QCs",21,0.290957186981323,1.7175420216999,13.1388267062558,13.1420479112533,"Insignificant"
"204","Imidacloprid-olefin","Orange-QCs",21,0.290957186981323,3.88971272968672,8.62339856563563,8.62830567993871,"Insignificant"
"205","Indoxacarb","Apple-QCs",21,0.290957186981323,-0.607772389710724,8.66287742952386,8.66776219353127,"Insignificant"
"206","Indoxacarb","Carrot-QCs",21,0.290957186981323,-1.17311599198632,7.71275366937062,7.71823977659713,"Insignificant"
"207","Indoxacarb","Onion-QCs",21,0.290957186981323,0.630244199268576,6.12154485845941,6.12845555901215,"Insignificant"
"208","Indoxacarb","Orange-QCs",21,0.290957186981323,1.68358316952031,5.09776464549959,5.10606114980634,"Insignificant"
"209","Jasmolin1","Apple-QCs",21,0.290957186981323,0.47221619727242,4.98748957928956,4.9959692140943,"Insignificant"
"210","Jasmolin1","Carrot-QCs",21,0.290957186981323,-0.22148783032585,4.72542730656753,4.73437633847481,"Insignificant"
"211","Jasmolin1","Onion-QCs",21,0.290957186981323,-7.20916093236989,9.89519418055959,9.89947089271121,"Insignificant"
"212","Jasmolin1","Orange-QCs",19,0.305887645160749,0.525487911956615,3.21408279386544,3.22860580704487,"Insignificant"
"213","Jasmolin2","Apple-QCs",21,0.290957186981323,-1.16927034002194,5.13057249292613,5.13881602996511,"Insignificant"
"214","Jasmolin2","Carrot-QCs",21,0.290957186981323,1.38010693204358,5.09991237535335,5.10820539142058,"Insignificant"
"215","Jasmolin2","Onion-QCs",21,0.290957186981323,-0.668797212246903,6.95548676944003,6.96156967102329,"Insignificant"
"216","Jasmolin2","Orange-QCs",21,0.290957186981323,1.10473285422578,5.60102068511235,5.60857279525839,"Insignificant"
"217","Linuron","Apple-QCs",20,0.298142396999972,-0.540442980383067,5.37093524788026,5.37920387472082,"Insignificant"
"218","Linuron","Carrot-QCs",11,0.402015126103685,0.909445296533297,0.954854568864996,1.03603253293442,"Insignificant"
"219","Linuron","Onion-QCs",21,0.290957186981323,-1.64474614020724,4.77456827343121,4.78342537124935,"Insignificant"
"220","Linuron","Orange-QCs",21,0.290957186981323,2.20046178171428,4.50868502817351,4.51806338688736,"Insignificant"
"221","Malathion","Apple-QCs",21,0.290957186981323,3.31805928793547,7.02867095228298,7.03469057173964,"Insignificant"
"222","Malathion","Carrot-QCs",21,0.290957186981323,0.682084072302925,5.82765446450914,5.8349132506293,"Insignificant"
"223","Malathion","Onion-QCs",19,0.305887645160749,-0.98311296928542,3.50892441708621,3.52223193675343,"Insignificant"
"224","Malathion","Orange-QCs",21,0.290957186981323,-0.372562027727116,5.03748307119374,5.04587869228141,"Insignificant"
"225","Metalaxyl","Apple-QCs",17,0.323380833381777,2.93476829334707,3.20730907953045,3.22357048860997,"Insignificant"
"226","Metalaxyl","Carrot-QCs",17,0.323380833381777,2.58863790038013,4.72086960885137,4.73193248337032,"Insignificant"
"227","Metalaxyl","Onion-QCs",17,0.323380833381777,0.457526383782496,2.7491435517513,2.76809780021127,"Insignificant"
"228","Metalaxyl","Orange-QCs",20,0.298142396999972,2.31763202679102,3.8441708481094,3.8557150307489,"Insignificant"
"229","Methabenzthiazuron","Apple-QCs",13,0.369800130816819,-0.696663595712582,1.57372162903371,1.61658649704884,"Insignificant"
"230","Methabenzthiazuron","Carrot-QCs",21,0.290957186981323,-1.18369293607492,4.72979195430878,4.73873274364573,"Insignificant"
"231","Methabenzthiazuron","Onion-QCs",20,0.298142396999972,-1.27717909789226,3.52330014662361,3.53589208151025,"Insignificant"
"232","Methabenzthiazuron","Orange-QCs",21,0.290957186981323,0.448165058172131,4.10624017426194,4.11653549157283,"Insignificant"
"233","Methacrifos","Apple-QCs",21,0.290957186981323,-0.913436212234497,5.5418731359029,5.5495057382706,"Insignificant"
"234","Methacrifos","Carrot-QCs",21,0.290957186981323,-0.156191581278073,6.32290988223755,6.32960073492423,"Insignificant"
"235","Methacrifos","Onion-QCs",21,0.290957186981323,-3.14377339108416,7.09090043057646,7.09686726668927,"Insignificant"
"236","Methacrifos","Orange-QCs",21,0.290957186981323,0.97672298567749,5.71549463249883,5.72289568127701,"Insignificant"
"237","Methamidophos","Apple-QCs",21,0.290957186981323,2.64970311588073,5.48706414220884,5.49477287841546,"Insignificant"
"238","Methamidophos","Carrot-QCs",21,0.290957186981323,0.0469342883083219,4.53304115119137,4.54236922354958,"Insignificant"
"239","Methamidophos","Onion-QCs",21,0.290957186981323,-1.42396554765325,5.86665723641365,5.8738678240339,"Insignificant"
"240","Methamidophos","Orange-QCs",21,0.290957186981323,2.09984573964909,3.50034536016149,3.51241707732156,"Insignificant"
"241","Methidathion","Apple-QCs",20,0.298142396999972,1.92067572079978,3.94618083227673,3.95742745352548,"Insignificant"
"242","Methidathion","Carrot-QCs",20,0.298142396999972,-0.610973288169643,4.27907185337818,4.28944574686081,"Insignificant"
"243","Methidathion","Onion-QCs",21,0.290957186981323,-1.47952646637793,5.21671745274116,5.22482507519537,"Insignificant"
"244","Methidathion","Orange-QCs",16,0.333333333333333,2.42655079929338,2.46054001349625,2.48301596231825,"Insignificant"
"245","Methomyl","Apple-QCs",21,0.290957186981323,-0.85459041729801,6.70673817614666,6.7130464804021,"Insignificant"
"246","Methomyl","Carrot-QCs",21,0.290957186981323,-3.17869634819961,6.69090270394756,6.69722592409341,"Insignificant"
"247","Methomyl","Onion-QCs",21,0.290957186981323,-0.983148439045986,6.52858664301864,6.53506691932512,"Insignificant"
"248","Methomyl","Orange-QCs",21,0.290957186981323,-0.713045567076692,5.25595699344558,5.26400417948215,"Insignificant"
"249","Methomyl Oxime","Apple-QCs",21,0.290957186981323,-1.47440993059724,8.73867813613135,8.7435205524752,"Insignificant"
"250","Methomyl Oxime","Carrot-QCs",19,0.305887645160749,-6.61892737606126,5.58254641478146,5.5909204720378,"Insignificant"
"251","Methomyl Oxime","Onion-QCs",21,0.290957186981323,-2.55692972639932,5.60361653482224,5.61116515119537,"Insignificant"
"252","Methomyl Oxime","Orange-QCs",21,0.290957186981323,3.32938879306977,10.34568813619,10.3497786979219,"Insignificant"
"253","Metribuzin","Apple-QCs",21,0.290957186981323,6.22340266905764,7.75795525503364,7.76340942007828,"Insignificant"
"254","Metribuzin","Carrot-QCs",19,0.305887645160749,9.90421283522571,6.0987151418081,6.10638138608959,"Insignificant"
"255","Metribuzin","Onion-QCs",20,0.298142396999972,11.9422133400324,8.44594584249691,8.45120642649792,"Insignificant"
"256","Metribuzin","Orange-QCs",21,0.290957186981323,7.30207498223205,5.53484907566975,5.5424913509268,"Insignificant"
"257","Mevinphos","Apple-QCs",21,0.290957186981323,2.20489535969026,5.22386504737296,5.23196159368749,"Insignificant"
"258","Mevinphos","Carrot-QCs",21,0.290957186981323,0.927915759799546,3.78341587294725,3.79458716493973,"Insignificant"
"259","Mevinphos","Onion-QCs",21,0.290957186981323,-1.37036331624217,4.1279739383735,4.1382151853845,"Insignificant"
"260","Mevinphos","Orange-QCs",21,0.290957186981323,1.33588210155101,4.72133709616881,4.73029386616898,"Insignificant"
"261","Monocrotophos","Apple-QCs",21,0.290957186981323,-3.23574422331465,8.26744056277691,8.27255882685068,"Insignificant"
"262","Monocrotophos","Carrot-QCs",21,0.290957186981323,1.95240471678464,8.06539213104463,8.07063853187421,"Insignificant"
"263","Monocrotophos","Onion-QCs",20,0.298142396999972,-3.33374674806738,7.33542288048662,7.34147925996223,"Insignificant"
"264","Monocrotophos","Orange-QCs",17,0.323380833381777,0.0842066987126635,4.11961767696954,4.13229052316008,"Insignificant"
"265","Myclobutanil","Apple-QCs",21,0.290957186981323,1.63409171047333,10.0794664114676,10.0836649698688,"Insignificant"
"266","Myclobutanil","Carrot-QCs",21,0.290957186981323,2.40917042848276,7.43923961542222,7.44492727569071,"Insignificant"
"267","Myclobutanil","Onion-QCs",21,0.290957186981323,-0.376045784097049,7.62152000197693,7.62707173331879,"Insignificant"
"268","Myclobutanil","Orange-QCs",21,0.290957186981323,1.86941723221262,3.93246717719008,3.94321622338078,"Insignificant"
"269","Omethoate","Apple-QCs",13,0.369800130816819,1.90989315603555,1.99894695449321,2.03286523498972,"Insignificant"
"270","Omethoate","Carrot-QCs",21,0.290957186981323,3.6564836483519,7.49702433392989,7.5026681885975,"Insignificant"
"271","Omethoate","Onion-QCs",19,0.305887645160749,-3.67704670524878,5.06096224798848,5.07019783904204,"Insignificant"
"272","Omethoate","Orange-QCs",21,0.290957186981323,2.66452682407576,6.64699605712972,6.65336100539826,"Insignificant"
"273","Paclobutrazol","Apple-QCs",21,0.290957186981323,-0.201067361688701,10.0675706905394,10.0717742078377,"Insignificant"
"274","Paclobutrazol","Carrot-QCs",21,0.290957186981323,3.01848623906447,6.33454335905399,6.34122193685027,"Insignificant"
"275","Paclobutrazol","Onion-QCs",21,0.290957186981323,1.23906635955506,7.05414588618884,7.06014378524198,"Insignificant"
"276","Paclobutrazol","Orange-QCs",21,0.290957186981323,2.27031495080965,7.16184076277751,7.16774854442018,"Insignificant"
"277","Penconazole","Apple-QCs",19,0.305887645160749,-1.64165768525969,6.13463556799351,6.1422569796088,"Insignificant"
"278","Penconazole","Carrot-QCs",17,0.323380833381777,1.04827308233297,3.02460101159245,3.04183931901815,"Insignificant"
"279","Penconazole","Onion-QCs",21,0.290957186981323,-0.327252908346469,5.84796686842351,5.85520047298427,"Insignificant"
"280","Penconazole","Orange-QCs",21,0.290957186981323,3.71206370715781,7.39244970941231,7.39817334149763,"Insignificant"
"281","Pendimethalin","Apple-QCs",20,0.298142396999972,-0.427599790634918,4.18349937111574,4.19410966440015,"Insignificant"
"282","Pendimethalin","Carrot-QCs",21,0.290957186981323,0.606460939876456,3.55343825176909,3.56533020824045,"Insignificant"
"283","Pendimethalin","Onion-QCs",20,0.298142396999972,-2.47350006450532,4.25908655616525,4.26950900945255,"Insignificant"
"284","Pendimethalin","Orange-QCs",20,0.298142396999972,2.57272407165408,3.48362004438684,3.49635488795726,"Insignificant"
"285","Phorate","Apple-QCs",18,0.314269680527355,-4.14852329347994,5.59905217078544,5.60786506999553,"Insignificant"
"286","Phorate","Carrot-QCs",20,0.298142396999972,-0.298029150435701,6.79485093457765,6.80138868996764,"Insignificant"
"287","Phorate","Onion-QCs",21,0.290957186981323,-1.34603004313316,11.3967650466438,11.4004784817594,"Insignificant"
"288","Phorate","Orange-QCs",20,0.298142396999972,1.1801116969305,5.35880092471381,5.36708824593024,"Insignificant"
"289","Phorate Oxon","Apple-QCs",18,0.314269680527355,2.75484864478521,3.15131079742381,3.16694255932415,"Insignificant"
"290","Phorate Oxon","Carrot-QCs",21,0.290957186981323,0.81559227305147,6.63867398277677,6.6450469023366,"Insignificant"
"291","Phorate Oxon","Onion-QCs",20,0.298142396999972,-2.0371917168649,4.13227588857852,4.14301736759772,"Insignificant"
"292","Phorate Oxon","Orange-QCs",21,0.290957186981323,2.95048700845933,4.7530177622405,4.76191494388863,"Insignificant"
"293","Phorate Oxon Sulfone","Apple-QCs",21,0.290957186981323,0.439376131235337,9.15077353993132,9.15539799592368,"Insignificant"
"294","Phorate Oxon Sulfone","Carrot-QCs",21,0.290957186981323,1.18261615074169,4.79919858063398,4.80801030583498,"Insignificant"
"295","Phorate Oxon Sulfone","Onion-QCs",21,0.290957186981323,2.32130730325034,9.90897886033981,9.91324962559288,"Insignificant"
"296","Phorate Oxon Sulfone","Orange-QCs",21,0.290957186981323,4.76840901064498,6.57471841185046,6.58115326365992,"Insignificant"
"297","Phorate Oxon Sulfoxide","Apple-QCs",21,0.290957186981323,-0.914284408889597,6.98527755149728,6.99133453327102,"Insignificant"
"298","Phorate Oxon Sulfoxide","Carrot-QCs",21,0.290957186981323,-0.563231212596371,5.7896097580786,5.79691618323872,"Insignificant"
"299","Phorate Oxon Sulfoxide","Onion-QCs",19,0.305887645160749,0.121599237611357,5.76003968912789,5.76815607207282,"Insignificant"
"300","Phorate Oxon Sulfoxide","Orange-QCs",21,0.290957186981323,2.32660616846381,4.52558500421628,4.53492841344198,"Insignificant"
"301","Phorate-sulfone","Apple-QCs",21,0.290957186981323,2.78779447432386,5.4488828306941,5.45664550683742,"Insignificant"
"302","Phorate-sulfone","Carrot-QCs",21,0.290957186981323,1.64453249839299,5.62171917482962,5.62924351625537,"Insignificant"
"303","Phorate-sulfone","Onion-QCs",21,0.290957186981323,-0.777193566979329,4.39712779972566,4.40674357908153,"Insignificant"
"304","Phorate-sulfone","Orange-QCs",18,0.314269680527355,2.15030009429648,4.07032634015954,4.0824406851166,"Insignificant"
"305","Phorate-sulfoxide","Apple-QCs",19,0.305887645160749,0.104188563100012,4.32457621169393,4.33538079783206,"Insignificant"
"306","Phorate-sulfoxide","Carrot-QCs",21,0.290957186981323,-0.625095732554914,3.99528361092934,4.00586410358823,"Insignificant"
"307","Phorate-sulfoxide","Onion-QCs",21,0.290957186981323,-5.01485612395404,5.42160444437704,5.42940612184657,"Insignificant"
"308","Phorate-sulfoxide","Orange-QCs",18,0.314269680527355,-1.25027803965913,2.25627424234352,2.27805594504648,"Insignificant"
"309","Piperonyl butoxide","Apple-QCs",20,0.298142396999972,0.643315706780845,3.50630676588541,3.51895950891492,"Insignificant"
"310","Piperonyl butoxide","Carrot-QCs",21,0.290957186981323,2.72321689462574,3.31581747398255,3.32855848760753,"Insignificant"
"311","Piperonyl butoxide","Onion-QCs",20,0.298142396999972,0.783542703833839,5.81951603583222,5.82714816871832,"Insignificant"
"312","Piperonyl butoxide","Orange-QCs",16,0.333333333333333,0.186448625843765,1.5969018245576,1.63132049223521,"Insignificant"
"313","Pirimicarb","Apple-QCs",14,0.356348322549899,1.85134117149237,1.87993501905104,1.91341051602592,"Insignificant"
"314","Pirimicarb","Carrot-QCs",21,0.290957186981323,1.63773575153,5.5935220299911,5.60108425080821,"Insignificant"
"315","Pirimicarb","Onion-QCs",21,0.290957186981323,-0.0323093357268918,4.40553079972749,4.41512827809155,"Insignificant"
"316","Pirimicarb","Orange-QCs",21,0.290957186981323,1.17597492993594,4.06374132075503,4.07414403361834,"Insignificant"
"317","Pirimicarb Desmethyl","Apple-QCs",21,0.290957186981323,-2.89102360876586,5.78684888210658,5.79415878872802,"Insignificant"
"318","Pirimicarb Desmethyl","Carrot-QCs",12,0.384900179459751,-0.82159069382961,1.321771721513,1.37667303014899,"Insignificant"
"319","Pirimicarb Desmethyl","Onion-QCs",19,0.305887645160749,-1.8259620180907,3.73247886601883,3.74499208767378,"Insignificant"
"320","Pirimicarb Desmethyl","Orange-QCs",19,0.305887645160749,-2.22629141952393,4.81767234526573,4.82737341395921,"Insignificant"
"321","Pirimicarb Desmethyl Formamido","Apple-QCs",21,0.290957186981323,-0.229714521459309,5.52996947037985,5.53761847981506,"Insignificant"
"322","Pirimicarb Desmethyl Formamido","Carrot-QCs",19,0.305887645160749,0.928846065797429,4.64248169352962,4.65254806812564,"Insignificant"
"323","Pirimicarb Desmethyl Formamido","Onion-QCs",21,0.290957186981323,-1.82851022204775,10.0051868761018,10.0094165919087,"Insignificant"
"324","Pirimicarb Desmethyl Formamido","Orange-QCs",21,0.290957186981323,1.29382423773802,5.39975405169275,5.4075872534272,"Insignificant"
"325","Pirimiphos-methyl","Apple-QCs",21,0.290957186981323,-0.185964576221686,6.33584183112952,6.34251904165425,"Insignificant"
"326","Pirimiphos-methyl","Carrot-QCs",21,0.290957186981323,-4.10107286951301,3.98076626785891,3.99138524374426,"Insignificant"
"327","Pirimiphos-methyl","Onion-QCs",21,0.290957186981323,-5.39585119744001,5.78668813749171,5.79399824691407,"Insignificant"
"328","Pirimiphos-methyl","Orange-QCs",21,0.290957186981323,-1.95154275851183,5.54597596436023,5.55360292800246,"Insignificant"
"329","Prochloraz","Apple-QCs",21,0.290957186981323,0.520287284536047,8.27503780865376,8.28015137659363,"Insignificant"
"330","Prochloraz","Carrot-QCs",21,0.290957186981323,-1.42714946442601,5.02286797673735,5.03128798583321,"Insignificant"
"331","Prochloraz","Onion-QCs",16,0.333333333333333,0.00721409181678528,2.98489743284365,3.00345197992372,"Insignificant"
"332","Prochloraz","Orange-QCs",21,0.290957186981323,0.358601377934372,6.97275545129795,6.97882330112042,"Insignificant"
"333","Profenofos","Apple-QCs",21,0.290957186981323,2.05678315573994,6.651213082611,6.6575739992096,"Insignificant"
"334","Profenofos","Carrot-QCs",21,0.290957186981323,0.993089261562389,3.48950342566384,3.50161252030772,"Insignificant"
"335","Profenofos","Onion-QCs",21,0.290957186981323,0.0951589265593873,4.38239686406766,4.3920448949033,"Insignificant"
"336","Profenofos","Orange-QCs",20,0.298142396999972,0.936314325662291,3.52043303527149,3.53303518871801,"Insignificant"
"337","Propargite","Apple-QCs",21,0.290957186981323,1.69024528704355,5.33033259646764,5.33826766597757,"Insignificant"
"338","Propargite","Carrot-QCs",21,0.290957186981323,0.383020127591681,4.54373589687701,4.55304205836327,"Insignificant"
"339","Propargite","Onion-QCs",21,0.290957186981323,0.117190452047559,4.85543616014459,4.86414600828303,"Insignificant"
"340","Propargite","Orange-QCs",19,0.305887645160749,0.0132477184166711,3.0883027650678,3.1034144454435,"Insignificant"
"341","Propiconazole","Apple-QCs",20,0.298142396999972,3.6786892976404,7.3961850031101,7.40219166795346,"Insignificant"
"342","Propiconazole","Carrot-QCs",21,0.290957186981323,3.21495916901063,9.28875248551322,9.29330828186519,"Insignificant"
"343","Propiconazole","Onion-QCs",21,0.290957186981323,-3.34216558613465,7.86438140633113,7.86976181271726,"Insignificant"
"344","Propiconazole","Orange-QCs",21,0.290957186981323,3.389961780054,8.80132824790686,8.80613621357627,"Insignificant"
"345","Pymetrozin","Apple-QCs",21,0.290957186981323,-1.03600271181026,12.384782454833,12.3881997295085,"Insignificant"
"346","Pymetrozin","Carrot-QCs",19,0.305887645160749,-6.33573856370212,7.23922718659978,7.24568682118316,"Insignificant"
"347","Pymetrozin","Onion-QCs",20,0.298142396999972,2.32377338128752,12.8016283965451,12.8050997064497,"Insignificant"
"348","Pymetrozin","Orange-QCs",21,0.290957186981323,-1.13142088196594,7.27663519764748,7.28244985456805,"Insignificant"
"349","Pyraclostrobin","Apple-QCs",21,0.290957186981323,0.989317344095881,7.54949547564364,7.55510013311669,"Insignificant"
"350","Pyraclostrobin","Carrot-QCs",21,0.290957186981323,-1.22044380141486,6.66725926488455,6.67360488715394,"Insignificant"
"351","Pyraclostrobin","Onion-QCs",21,0.290957186981323,-0.280447991212306,5.81542312454875,5.82269715872228,"Insignificant"
"352","Pyraclostrobin","Orange-QCs",21,0.290957186981323,4.42400847660144,6.63485774094415,6.64123432256554,"Insignificant"
"353","Pyrethrin1","Apple-QCs",21,0.290957186981323,0.884793522810081,4.19836476925194,4.20843472330889,"Insignificant"
"354","Pyrethrin1","Carrot-QCs",20,0.298142396999972,1.11366490925967,4.92028314801136,4.92930777548871,"Insignificant"
"355","Pyrethrin1","Onion-QCs",21,0.290957186981323,-3.89792861733789,5.38718320815894,5.39503466188362,"Insignificant"
"356","Pyrethrin1","Orange-QCs",21,0.290957186981323,-0.904841125459685,5.92627576762579,5.93341390420428,"Insignificant"
"357","Pyrethrin2","Apple-QCs",21,0.290957186981323,1.01147955822504,6.92826653968362,6.9343733191656,"Insignificant"
"358","Pyrethrin2","Carrot-QCs",20,0.298142396999972,-0.711825247771804,4.51141191278086,4.52125273963643,"Insignificant"
"359","Pyrethrin2","Onion-QCs",21,0.290957186981323,-2.86872731301802,5.23518944143623,5.24326850088582,"Insignificant"
"360","Pyrethrin2","Orange-QCs",21,0.290957186981323,4.08528549992475,6.93714297985287,6.94324195225675,"Insignificant"
"361","Pyrimethanil","Apple-QCs",21,0.290957186981323,-0.330902885042297,5.99110023183721,5.99816122428999,"Insignificant"
"362","Pyrimethanil","Carrot-QCs",21,0.290957186981323,-3.19674389057097,3.90087987710059,3.91171572333988,"Insignificant"
"363","Pyrimethanil","Onion-QCs",21,0.290957186981323,-2.42617225304843,3.9300280187479,3.94078371809461,"Insignificant"
"364","Pyrimethanil","Orange-QCs",21,0.290957186981323,1.52985914234616,3.80432114221562,3.81543122566308,"Insignificant"
"365","Pyriproxyfen","Apple-QCs",21,0.290957186981323,0.177158021965256,6.60246933379188,6.60887716547359,"Insignificant"
"366","Pyriproxyfen","Carrot-QCs",21,0.290957186981323,1.24444825656092,4.59584214666553,4.60504300975825,"Insignificant"
"367","Pyriproxyfen","Onion-QCs",21,0.290957186981323,0.248011752543902,5.38228096914712,5.39013956363835,"Insignificant"
"368","Pyriproxyfen","Orange-QCs",21,0.290957186981323,0.577683900835085,4.94473224468841,4.95328507723081,"Insignificant"
"369","Simazine","Apple-QCs",21,0.290957186981323,0.0272556917669061,5.30624504825703,5.31421608488104,"Insignificant"
"370","Simazine","Carrot-QCs",21,0.290957186981323,-1.2657208247516,3.91753450927909,3.92832441583542,"Insignificant"
"371","Simazine","Onion-QCs",21,0.290957186981323,-0.166473555815331,4.53344655790482,4.54277379780626,"Insignificant"
"372","Simazine","Orange-QCs",20,0.298142396999972,1.88358705975114,2.50092647186487,2.5186349688995,"Insignificant"
"373","SpinetoramA","Apple-QCs",21,0.290957186981323,0.583392522343179,4.37547041288842,4.38513368310683,"Insignificant"
"374","SpinetoramA","Carrot-QCs",21,0.290957186981323,-0.170610336392511,3.98488257733062,3.99549061314993,"Insignificant"
"375","SpinetoramA","Onion-QCs",21,0.290957186981323,-1.48239464394781,3.71945540759795,3.73081822309339,"Insignificant"
"376","SpinetoramA","Orange-QCs",21,0.290957186981323,7.40081159922533,8.1295491477686,8.13475417149414,"Insignificant"
"377","SpinetoramD","Apple-QCs",21,0.290957186981323,0.494582405712792,4.61113946895917,4.62030986913747,"Insignificant"
"378","SpinetoramD","Carrot-QCs",21,0.290957186981323,-0.611169979171576,4.63361287708054,4.64273888769363,"Insignificant"
"379","SpinetoramD","Onion-QCs",21,0.290957186981323,-0.598309868521985,4.00246777901233,4.01302933040465,"Insignificant"
"380","SpinetoramD","Orange-QCs",21,0.290957186981323,7.73952926099456,8.09292776601405,8.0981563278673,"Insignificant"
"381","SpinosynA","Apple-QCs",19,0.305887645160749,0.0920906850529576,4.42618056722976,4.43673772778878,"Insignificant"
"382","SpinosynA","Carrot-QCs",21,0.290957186981323,1.27320415770282,5.24399026090677,5.25205578237142,"Insignificant"
"383","SpinosynA","Onion-QCs",21,0.290957186981323,1.54081773907076,3.98488900629299,3.99549702504342,"Insignificant"
"384","SpinosynA","Orange-QCs",20,0.298142396999972,7.85975441544223,6.84162068544062,6.84811379084327,"Insignificant"
"385","SpinosynD","Apple-QCs",21,0.290957186981323,0.870705712175346,5.07033637424816,5.07867768544924,"Insignificant"
"386","SpinosynD","Carrot-QCs",21,0.290957186981323,-1.69464264684785,4.59150861575568,4.60071814537847,"Insignificant"
"387","SpinosynD","Onion-QCs",21,0.290957186981323,0.177934365298347,4.36649275988396,4.37617585418766,"Insignificant"
"388","SpinosynD","Orange-QCs",21,0.290957186981323,5.47420141061426,8.05924468748041,8.06449508756359,"Insignificant"
"389","Spirotetramat","Apple-QCs",21,0.290957186981323,5.27128825925435,15.5806382619797,15.5833547330259,"Insignificant"
"390","Spirotetramat","Carrot-QCs",21,0.290957186981323,3.40603371335413,10.0556580958961,10.0598665908757,"Insignificant"
"391","Spirotetramat","Onion-QCs",20,0.298142396999972,3.83976267181043,12.111355803981,12.11502489884,"Insignificant"
"392","Spirotetramat","Orange-QCs",20,0.298142396999972,0.609602568362744,8.87562077878266,8.88062684148182,"Insignificant"
"393","Spirotetramat-enol","Apple-QCs",20,0.298142396999972,-2.87453093614762,6.630782203754,6.63748156475855,"Insignificant"
"394","Spirotetramat-enol","Carrot-QCs",21,0.290957186981323,-0.785825414919475,8.10809266239315,8.11331145135016,"Insignificant"
"395","Spirotetramat-enol","Onion-QCs",21,0.290957186981323,3.19739519771777,8.88118660507781,8.88595136149583,"Insignificant"
"396","Spirotetramat-enol","Orange-QCs",21,0.290957186981323,8.43443566821269,9.17034092464399,9.17495551808599,"Insignificant"
"397","Tebuconazole","Apple-QCs",21,0.290957186981323,0.706170892938385,7.47902080458914,7.48467823490985,"Insignificant"
"398","Tebuconazole","Carrot-QCs",21,0.290957186981323,1.08349543918212,6.59109905304727,6.59751792811029,"Insignificant"
"399","Tebuconazole","Onion-QCs",21,0.290957186981323,0.787742470608733,5.8055489028041,5.81283529334059,"Insignificant"
"400","Tebuconazole","Orange-QCs",20,0.298142396999972,5.50246370578383,5.95252745408175,5.9599892600982,"Insignificant"
"401","Tebufenozide","Apple-QCs",17,0.323380833381777,0.953853597000287,2.53608898825972,2.55662326512353,"Insignificant"
"402","Tebufenozide","Carrot-QCs",21,0.290957186981323,2.43928046032833,3.81365760830573,3.8247405713387,"Insignificant"
"403","Tebufenozide","Onion-QCs",21,0.290957186981323,-1.03433637123214,5.43098454221822,5.43877276437151,"Insignificant"
"404","Tebufenozide","Orange-QCs",14,0.356348322549899,2.55170761367635,2.25984679850429,2.28777002334024,"Insignificant"
"405","Tebufenpyrad","Apple-QCs",21,0.290957186981323,0.329592202815077,6.46929975156798,6.47583935565835,"Insignificant"
"406","Tebufenpyrad","Carrot-QCs",21,0.290957186981323,-0.622515612449528,5.78714209403434,5.79445163075854,"Insignificant"
"407","Tebufenpyrad","Onion-QCs",19,0.305887645160749,-1.9932298798105,2.94638082504392,2.96221660545755,"Insignificant"
"408","Tebufenpyrad","Orange-QCs",21,0.290957186981323,1.73149377834413,5.86574874697853,5.87296045000613,"Insignificant"
"409","Terbufos","Apple-QCs",21,0.290957186981323,-5.29989542431699,6.49012776181044,6.49664640020362,"Insignificant"
"410","Terbufos","Carrot-QCs",21,0.290957186981323,-2.92341847349135,10.2399084487942,10.2440412496408,"Insignificant"
"411","Terbufos","Onion-QCs",21,0.290957186981323,-7.82311676170314,7.70960913194215,7.71509747520937,"Insignificant"
"412","Terbufos","Orange-QCs",21,0.290957186981323,-0.374219476905736,12.3318390142959,12.3352709560499,"Insignificant"
"413","Terbufos Sulfone","Apple-QCs",21,0.290957186981323,-2.56406795529257,6.98499286997321,6.99105009839242,"Insignificant"
"414","Terbufos Sulfone","Carrot-QCs",21,0.290957186981323,0.742316487871515,7.07057002670517,7.07655400510712,"Insignificant"
"415","Terbufos Sulfone","Onion-QCs",21,0.290957186981323,-3.74370763827273,7.3405545593546,7.3463186238767,"Insignificant"
"416","Terbufos Sulfone","Orange-QCs",20,0.298142396999972,4.82744517973309,5.0064892409346,5.01535875172283,"Insignificant"
"417","Terbufos sulfoxide","Apple-QCs",21,0.290957186981323,-1.11930211517754,5.5900751387604,5.59764201621033,"Insignificant"
"418","Terbufos sulfoxide","Carrot-QCs",19,0.305887645160749,0.778894806527154,2.8551381147029,2.87147712954348,"Insignificant"
"419","Terbufos sulfoxide","Onion-QCs",21,0.290957186981323,-0.598162035356174,4.64372172966513,4.65282791291707,"Insignificant"
"420","Terbufos sulfoxide","Orange-QCs",21,0.290957186981323,-1.29627226975894,4.90586670615767,4.91448717805249,"Insignificant"
"421","Thiabendazole","Apple-QCs",21,0.290957186981323,-1.20122979553929,5.05162399755245,5.05999615585861,"Insignificant"
"422","Thiabendazole","Carrot-QCs",21,0.290957186981323,-4.33831763801852,4.01739363130118,4.02791604598151,"Insignificant"
"423","Thiabendazole","Onion-QCs",21,0.290957186981323,1.875791715372,4.27573436436528,4.28562252645637,"Insignificant"
"424","Thiabendazole","Orange-QCs",21,0.290957186981323,-0.708261034864656,3.97966091663754,3.9902828340944,"Insignificant"
"425","Thiacloprid","Apple-QCs",21,0.290957186981323,-1.54831468369951,8.70714249290768,8.71200243781272,"Insignificant"
"426","Thiacloprid","Carrot-QCs",21,0.290957186981323,-3.08695047025825,4.70311233465806,4.71210374642461,"Insignificant"
"427","Thiacloprid","Onion-QCs",21,0.290957186981323,-0.00755988030138824,4.7592904023238,4.76817587954843,"Insignificant"
"428","Thiacloprid","Orange-QCs",21,0.290957186981323,2.19168514036621,8.96310643031994,8.96782766147403,"Insignificant"
"429","Thiamethoxam","Apple-QCs",21,0.290957186981323,3.82824283817478,10.914956858982,10.9188341556273,"Insignificant"
"430","Thiamethoxam","Carrot-QCs",21,0.290957186981323,2.93821447940347,8.51781858174293,8.52278648542489,"Insignificant"
"431","Thiamethoxam","Onion-QCs",16,0.333333333333333,-4.06799807367261,3.59980403074661,3.61520402894368,"Insignificant"
"432","Thiamethoxam","Orange-QCs",21,0.290957186981323,-1.85744232618844,7.00399525876016,7.01003606762411,"Insignificant"
"433","Tolclofos-methyl","Apple-QCs",21,0.290957186981323,-2.21442263235078,7.81158619901737,7.81700294418101,"Insignificant"
"434","Tolclofos-methyl","Carrot-QCs",21,0.290957186981323,-0.9528067948483,5.03349792361999,5.04190018066035,"Insignificant"
"435","Tolclofos-methyl","Onion-QCs",21,0.290957186981323,-5.23857167463824,8.93328816731859,8.93802514904777,"Insignificant"
"436","Tolclofos-methyl","Orange-QCs",21,0.290957186981323,1.11901228592216,8.83802530500902,8.84281331797952,"Insignificant"
"437","Triadimefon","Apple-QCs",21,0.290957186981323,-1.13652526035635,7.08915619208346,7.09512449506077,"Insignificant"
"438","Triadimefon","Carrot-QCs",20,0.298142396999972,1.08430692949298,6.72837923196573,6.7349815128207,"Insignificant"
"439","Triadimefon","Onion-QCs",20,0.298142396999972,-1.32604827501427,8.96975512087443,8.97470867590374,"Insignificant"
"440","Triadimefon","Orange-QCs",21,0.290957186981323,2.21783012697075,8.48717095557038,8.49215678810357,"Insignificant"
"441","Triadimenol","Apple-QCs",21,0.290957186981323,-1.06541292964909,10.1953130494301,10.1994639202526,"Insignificant"
"442","Triadimenol","Carrot-QCs",21,0.290957186981323,2.83269178917452,8.69681084854357,8.7016765637434,"Insignificant"
"443","Triadimenol","Onion-QCs",19,0.305887645160749,2.3913040023293,9.16910940400311,9.17421029375501,"Insignificant"
"444","Triadimenol","Orange-QCs",18,0.314269680527355,-0.308450966144722,4.23814740175914,4.24978338637824,"Insignificant"
"445","Trichlorfon","Apple-QCs",21,0.290957186981323,0.802199675226076,8.9334540936648,8.93819098745784,"Insignificant"
"446","Trichlorfon","Carrot-QCs",20,0.298142396999972,-0.623912031608529,4.54415178662228,4.55392186458566,"Insignificant"
"447","Trichlorfon","Onion-QCs",19,0.305887645160749,-3.03909003214543,5.499927013876,5.5084266727828,"Insignificant"
"448","Trichlorfon","Orange-QCs",21,0.290957186981323,1.9993265204341,6.96254759187914,6.96862433008396,"Insignificant"
"449","Trifloxystrobin","Apple-QCs",21,0.290957186981323,0.319112117709541,6.01496374994148,6.02199676168679,"Insignificant"
"450","Trifloxystrobin","Carrot-QCs",21,0.290957186981323,1.42851226262312,5.71774029334261,5.72513843909208,"Insignificant"
"451","Trifloxystrobin","Onion-QCs",21,0.290957186981323,-1.98560374856147,4.22354570765763,4.23355576664927,"Insignificant"
"452","Trifloxystrobin","Orange-QCs",20,0.298142396999972,0.140958023413491,4.21662227654011,4.22714943098812,"Insignificant"
"453","Trifloxystrobin Metabolite","Apple-QCs",21,0.290957186981323,5.36436606259132,16.4833927576481,16.4859604781627,"Insignificant"
"454","Trifloxystrobin Metabolite","Carrot-QCs",21,0.290957186981323,14.3398540714409,25.5660598106494,25.5677153912187,"Insignificant"
"455","Trifloxystrobin Metabolite","Onion-QCs",20,0.298142396999972,13.16874727511,12.7255539787282,12.7290460347355,"Insignificant"
"456","Trifloxystrobin Metabolite","Orange-QCs",16,0.333333333333333,8.29558710056276,7.30595823560143,7.3135584260648,"Insignificant"
"457","Vamidothion","Apple-QCs",21,0.290957186981323,-2.57935631717081,8.09826252796419,8.10348764770361,"Insignificant"
"458","Vamidothion","Carrot-QCs",21,0.290957186981323,3.88490307575108,7.18482445959449,7.1907133582033,"Insignificant"
"459","Vamidothion","Onion-QCs",20,0.298142396999972,-0.768485569589919,6.52953243050578,6.53633556741968,"Insignificant"
"460","Vamidothion","Orange-QCs",20,0.298142396999972,-1.23570101610703,5.87879322646636,5.88634850212214,"Insignificant"
