Compound,Matrix,Repeatability,Reproducibility,Precision
2-Aminobenzimidazole,Apple,0.005024839065068352,0.005359924910586121,0.010719849821172241
Acephate,Apple,0.00623444913364018,NaN,NaN
Azinphos-methyl,Apple,0.004004123810317036,0.004511194034506412,0.009022388069012824
Azoxystrobin,Apple,0.005757797889289235,NaN,NaN
Benalaxyl,Apple,0.004558979762455439,NaN,NaN
Bifenthrin,Apple,0.004452789690013017,0.005692655696489389,0.011385311392978778
Bitertanol,Apple,0.01005558978027703,0.011850260572595214,0.023700521145190428
Boscalid,Apple,0.0071669548541368755,NaN,NaN
Buprofezin,Apple,0.004376005129887848,0.00491803730060529,0.00983607460121058
Carbaryl,Apple,0.004044709048406803,NaN,NaN
Carbendazim,Apple,0.004259786311474758,0.005464986655156092,0.010929973310312185
Chlorantraniliprole,Apple,0.005996448656890677,NaN,NaN
Chlorpyrifos,Apple,0.0036227035666264997,0.004437171883445842,0.008874343766891684
Cinerin1,Apple,0.0040756544608718075,NaN,NaN
Cinerin2,Apple,0.0034638781689965616,0.00484483638281902,0.00968967276563804
Clofentezine,Apple,0.004572208700252209,0.004640801585781457,0.009281603171562914
Cyprodinil,Apple,0.004112836513716716,NaN,NaN
Demeton S-methyl,Apple,0.003326985637924802,0.003421702009369414,0.006843404018738828
Demeton-S methyl Sulfone,Apple,0.0076716274612038645,NaN,NaN
Demeton-S methyl Sulfoxide,Apple,0.005159368479683144,0.006035004080588791,0.012070008161177582
Demeton-S,Apple,0.0038427537190326385,0.004240119315370737,0.008480238630741474
Diazinon,Apple,0.004822748593014082,0.005130757142051001,0.010261514284102002
Difenoconazole,Apple,0.005680180806463395,NaN,NaN
Dimethoate,Apple,0.0034824243369223173,0.0038829997676137476,0.007765999535227495
Disulfoton Sulfone,Apple,0.0038566311025429512,0.004434727013544889,0.008869454027089777
Disulfoton Sulfoxide,Apple,0.004329115976230752,0.004389714679219236,0.008779429358438472
Diuron,Apple,0.003623727249050517,0.003895309316302204,0.007790618632604408
Ethoprophos,Apple,0.003206959842101894,0.0033731296276970544,0.006746259255394109
Fenamiphos Sulfone,Apple,0.0043751142698969896,0.006849758872511877,0.013699517745023754
Fenamiphos Sulfoxide,Apple,0.004790977875357101,0.005149845660527603,0.010299691321055206
Fenamiphos,Apple,0.004551662718576328,0.004602770707415657,0.009205541414831315
Fenarimol,Apple,0.009263199087009838,0.013642138803703461,0.027284277607406923
Fenhexamid,Apple,0.007098617005732479,0.008899835376070465,0.01779967075214093
Fenoxycarb,Apple,0.006117139188766368,NaN,NaN
Fenpyroximate,Apple,0.0032807593778982425,NaN,NaN
Fenthion,Apple,0.004288720172154159,0.0051330167498900865,0.010266033499780173
Fenthion-oxon,Apple,0.004865900134936893,0.005372570994389359,0.010745141988778718
Fenthion-oxon-sulfone,Apple,0.00708406756762856,NaN,NaN
Fenthion-oxon-sulfoxide,Apple,0.007605682266456217,NaN,NaN
Fenthion-sulfone,Apple,0.004387320344455764,0.004932047578349982,0.009864095156699964
Fenthion-sulfoxide,Apple,0.004152733800059832,0.005811325808685471,0.011622651617370942
Fipronil,Apple,0.006114223870616959,0.0062426847183840815,0.012485369436768163
Fludioxonil,Apple,0.004874421779491903,0.005075290718453432,0.010150581436906864
Flusilazole,Apple,0.006386997292326047,NaN,NaN
Hexaconazole,Apple,0.006300981581209841,NaN,NaN
Hexythiazox,Apple,0.0052483801564888735,0.005529273077505447,0.011058546155010894
Imazalil,Apple,0.00419642548290321,NaN,NaN
Imidacloprid,Apple,0.00918980757294849,NaN,NaN
Imidacloprid-olefin,Apple,0.008963679282173781,NaN,NaN
Indoxacarb,Apple,0.006763413971722144,NaN,NaN
Jasmolin1,Apple,0.00393484206226925,NaN,NaN
Jasmolin2,Apple,0.003950497667905444,NaN,NaN
Linuron,Apple,0.00461562339258246,NaN,NaN
Malathion,Apple,0.005354690662017527,NaN,NaN
Metalaxyl,Apple,0.003515314913811608,0.004641267591904876,0.009282535183809752
Methabenzthiazuron,Apple,0.004097629843922258,NaN,NaN
Methacrifos,Apple,0.0041767818378623135,NaN,NaN
Methamidophos,Apple,0.004269540321215005,NaN,NaN
Methidathion,Apple,0.003870458879300776,NaN,NaN
Methomyl Oxime,Apple,0.005351195213967205,0.007006572597108439,0.014013145194216878
Methomyl,Apple,0.004278930415853288,0.005319595297548302,0.010639190595096604
Metribuzin,Apple,0.005386808535276413,0.005993954081230279,0.011987908162460557
Monocrotophos,Apple,0.006371514522109832,NaN,NaN
Myclobutanil,Apple,0.0067264300484173355,0.007889784616589464,0.015779569233178928
Omethoate,Apple,0.004275656583800336,0.005197346377139062,0.010394692754278125
Paclobutrazol,Apple,0.006619746266931209,0.007916206373050004,0.01583241274610001
Penconazole,Apple,0.006500389555239826,NaN,NaN
Pendimethalin,Apple,0.003701337668278413,NaN,NaN
Phorate Oxon Sulfone,Apple,0.005249593254228023,0.007448336383074014,0.014896672766148028
Phorate Oxon Sulfoxide,Apple,0.004580345468578508,0.00549711784960776,0.01099423569921552
Phorate Oxon,Apple,0.0035837446124871854,NaN,NaN
Phorate,Apple,0.006393558298584442,0.006818377374545654,0.013636754749091307
Phorate-sulfone,Apple,0.004254687685326236,NaN,NaN
Phorate-sulfoxide,Apple,0.007940328319894446,0.008554237223858854,0.01710847444771771
Piperonyl butoxide,Apple,0.003208032609451828,NaN,NaN
Pirimicarb Desmethyl Formamido,Apple,0.003916964551997282,0.004242435777381389,0.008484871554762779
Pirimicarb Desmethyl,Apple,0.004371124727657252,NaN,NaN
Pirimicarb,Apple,0.0034107463224343497,0.003591294387965192,0.007182588775930384
Pirimiphos-methyl,Apple,0.004380286130775841,0.004902521888947034,0.009805043777894068
Prochloraz,Apple,0.0054695466318206865,0.006496494541667611,0.012992989083335222
Profenofos,Apple,0.004665694984642634,0.005120493774338215,0.01024098754867643
Propargite,Apple,0.004098482436227195,NaN,NaN
Propiconazole,Apple,0.005522074953630323,0.006419603125225105,0.01283920625045021
Pymetrozin,Apple,0.008898431984058772,0.009450866776018836,0.018901733552037673
Pyraclostrobin,Apple,0.005309484331499543,0.005806699816283384,0.011613399632566768
Pyrethrin1,Apple,0.003274417911499776,NaN,NaN
Pyrethrin2,Apple,0.005433482632753762,NaN,NaN
Pyrimethanil,Apple,0.004354093771079856,0.00455169220463241,0.00910338440926482
Pyriproxyfen,Apple,0.0044892976252728575,0.005137356224310853,0.010274712448621706
Simazine,Apple,0.0038979600168962533,0.004014198968321093,0.008028397936642185
SpinetoramA,Apple,0.0033727072498998833,NaN,NaN
SpinetoramD,Apple,0.003541849189102528,NaN,NaN
SpinosynA,Apple,0.004418705436337458,0.004546601630074647,0.009093203260149294
SpinosynD,Apple,0.0036966110821417646,0.003847345069837017,0.007694690139674034
Spirotetramat,Apple,0.009401165729742226,0.012537705260679854,0.025075410521359708
Spirotetramat-enol,Apple,0.00494980131525148,0.006750558906976528,0.013501117813953056
Tebufenozide,Apple,0.0035076973289240596,0.0042547270608973755,0.008509454121794751
Tebufenpyrad,Apple,0.004964247461539277,NaN,NaN
Terbufos Sulfone,Apple,0.00527389872543303,NaN,NaN
Terbufos sulfoxide,Apple,0.0040628076194903,0.00424694967109315,0.0084938993421863
Terbufos,Apple,0.0033189586647012314,0.005396936048047682,0.010793872096095364
Thiabendazole,Apple,0.00346927563010995,0.003917656378556657,0.007835312757113314
Thiacloprid,Apple,0.006635222941474141,NaN,NaN
Thiamethoxam,Apple,0.007865556066038863,0.008319861575978329,0.016639723151956658
Tolclofos-methyl,Apple,0.005596797505771834,0.005967411703841067,0.011934823407682133
Triadimefon,Apple,0.005254243026131461,0.005343481381795551,0.010686962763591101
Triadimenol,Apple,0.007264345108098025,0.0078045331739287184,0.015609066347857437
Trichlorfon,Apple,0.006375830270797047,0.006834351276240032,0.013668702552480065
Trifloxystrobin Metabolite,Apple,0.009366749268719679,0.013443623589042648,0.026887247178085296
Trifloxystrobin,Apple,0.0039693553233622276,0.004724464710222016,0.009448929420444032
Vamidothion,Apple,0.00529800623797782,0.006377318396905688,0.012754636793811376
Cyproconazole,Apple,0.0048505416600564235,0.006412324706832509,0.012824649413665018
Dimethomorph,Apple,0.0045787846674139945,NaN,NaN
Mevinphos,Apple,0.003900708946092858,0.003925242814876291,0.007850485629752582
Tebuconazole,Apple,0.005857531943253775,NaN,NaN
2-Aminobenzimidazole,Onion,0.005877787922911132,0.007904835675713966,0.015809671351427933
Acephate,Onion,0.0038860986737144533,0.00526527477427991,0.01053054954855982
Azinphos-methyl,Onion,0.003939398624404604,0.006060949298495952,0.012121898596991905
Azoxystrobin,Onion,0.004103348651952772,NaN,NaN
Benalaxyl,Onion,0.0021864580568835145,0.0027943320422334356,0.005588664084466871
Bifenthrin,Onion,0.005190581743196299,0.005737899652915083,0.011475799305830167
Bitertanol,Onion,0.00841442580327268,NaN,NaN
Boscalid,Onion,0.005725744722592939,0.007535748783612424,0.015071497567224848
Buprofezin,Onion,0.0028536578786936347,0.003733515322278806,0.007467030644557612
Carbaryl,Onion,0.0028514632952397834,0.003667190083583754,0.007334380167167508
Carbendazim,Onion,0.004568702710812899,0.006005896320773801,0.012011792641547602
Chlorantraniliprole,Onion,0.005918796710295933,0.007693218143873963,0.015386436287747926
Chlorpyrifos,Onion,0.003183721872022839,0.003461397026010986,0.006922794052021972
Cinerin1,Onion,0.004026190330885978,0.005361876028630053,0.010723752057260106
Cinerin2,Onion,0.00467464585102838,0.00497364763923721,0.00994729527847442
Clofentezine,Onion,0.004163330230375678,0.004531523853644069,0.009063047707288137
Cyprodinil,Onion,0.0035919399657744467,0.004112525637602908,0.008225051275205815
Demeton S-methyl,Onion,0.003118641221157054,0.0047877434631293375,0.009575486926258675
Demeton-S methyl Sulfone,Onion,0.007091960749969367,0.007158828282708613,0.014317656565417227
Demeton-S methyl Sulfoxide,Onion,0.003930311827924942,0.006259996553010199,0.012519993106020397
Demeton-S,Onion,0.0034190534839887987,0.0041019587772535004,0.008203917554507001
Diazinon,Onion,0.0031736459459841384,0.00450170667901919,0.00900341335803838
Difenoconazole,Onion,0.003271455465135167,0.003716083437390597,0.007432166874781194
Dimethoate,Onion,0.00442264457477989,0.004562241901388286,0.009124483802776572
Disulfoton Sulfone,Onion,0.0034462288926917334,0.003673678412197307,0.007347356824394614
Disulfoton Sulfoxide,Onion,0.0037290925402419673,0.004212016309912998,0.008424032619825996
Diuron,Onion,0.0034994736253579103,0.004269249366982963,0.0085384987339659265
Ethoprophos,Onion,0.005064105712577319,0.005136203182073486,0.010272406364146973
Fenamiphos Sulfone,Onion,0.004984808779382934,0.006957346293722136,0.013914692587444271
Fenamiphos Sulfoxide,Onion,0.0035748047710788765,0.00450501224521174,0.00901002449042348
Fenamiphos,Onion,0.003592720637487577,0.004440271892760268,0.008880543785520535
Fenarimol,Onion,0.009187100513230283,NaN,NaN
Fenhexamid,Onion,0.006410999958101588,0.008385823338513062,0.016771646677026124
Fenoxycarb,Onion,0.003565829760803725,0.00398096858934717,0.00796193717869434
Fenpyroximate,Onion,0.0035380925478376434,0.004395767518863074,0.008791535037726148
Fenthion,Onion,0.0036647731369391116,0.005035188856432325,0.01007037771286465
Fenthion-oxon,Onion,0.003997662443800642,0.00459311124276874,0.00918622248553748
Fenthion-oxon-sulfone,Onion,0.004369539679792899,0.005563851457000961,0.011127702914001922
Fenthion-oxon-sulfoxide,Onion,0.0038732866265966987,0.005145303050202017,0.010290606100404035
Fenthion-sulfone,Onion,0.0037817286879641013,0.0038345732042835605,0.007669146408567121
Fenthion-sulfoxide,Onion,0.003059584959030334,0.0036265375398955623,0.0072530750797911245
Fipronil,Onion,0.004540792424501526,0.00475967719110657,0.00951935438221314
Fludioxonil,Onion,0.0037506502269261384,0.004374667041927867,0.008749334083855734
Flusilazole,Onion,0.00384122790574693,NaN,NaN
Hexaconazole,Onion,0.006375121352832756,NaN,NaN
Hexythiazox,Onion,0.005416656406738031,NaN,NaN
Imazalil,Onion,0.0044374528826754585,0.005228075806503924,0.010456151613007848
Imidacloprid,Onion,0.0101045816028132,NaN,NaN
Imidacloprid-olefin,Onion,0.009031244267238071,0.0101864524635993,0.0203729049271986
Indoxacarb,Onion,0.004453778975165209,0.004648793014637769,0.009297586029275539
Jasmolin1,Onion,0.003802275639446728,0.008513847809466258,0.017027695618932515
Jasmolin2,Onion,0.004549505290048221,0.0054777045957963046,0.010955409191592609
Linuron,Onion,0.0033536944201401635,0.003674011549689765,0.00734802309937953
Malathion,Onion,0.0034110296680263854,0.003771810906522952,0.007543621813045904
Metalaxyl,Onion,0.0038000250565422317,0.004134047162467638,0.008268094324935277
Methabenzthiazuron,Onion,0.0030319445251556438,0.0032918464491430246,0.006583692898286049
Methacrifos,Onion,0.0045570022841841225,0.005612881589958787,0.011225763179917574
Methamidophos,Onion,0.003231516839766466,0.004814728509579719,0.009629457019159437
Methidathion,Onion,0.002946837632547531,0.0042599125900566175,0.008519825180113235
Methomyl Oxime,Onion,0.003822774425737114,0.00435540882671503,0.00871081765343006
Methomyl,Onion,0.004711794842416465,0.004973475546595237,0.009946951093190473
Metribuzin,Onion,0.006968994866146533,0.007344457589778407,0.014688915179556814
Monocrotophos,Onion,0.005734329931165058,0.006786993869756628,0.013573987739513255
Myclobutanil,Onion,0.00553435483555372,0.0057923017239393535,0.011584603447878707
Omethoate,Onion,0.004343575907277763,0.0054667570627901715,0.010933514125580343
Paclobutrazol,Onion,0.005487859764085184,NaN,NaN
Penconazole,Onion,0.004590404192435633,NaN,NaN
Pendimethalin,Onion,0.0032832155594792922,0.003965976621251424,0.007931953242502848
Phorate Oxon Sulfone,Onion,0.004761384443045924,0.008317746764032657,0.016635493528065315
Phorate Oxon Sulfoxide,Onion,0.005347288730321819,0.00543396535394577,0.01086793070789154
Phorate Oxon,Onion,0.0035054948356714674,0.003822827434097696,0.007645654868195392
Phorate,Onion,0.005552351977471057,0.009547807067983747,0.019095614135967495
Phorate-sulfone,Onion,0.0027456477768689133,0.0035079934709618308,0.0070159869419236616
Phorate-sulfoxide,Onion,0.003263640980132863,0.0043652203042816974,0.008730440608563395
Piperonyl butoxide,Onion,0.0034642289991902264,0.0053344040220185554,0.010668808044037111
Pirimicarb Desmethyl Formamido,Onion,0.005158356453048292,0.008308839965487385,0.01661767993097477
Pirimicarb Desmethyl,Onion,0.004455238771435988,0.004930804879809199,0.009861609759618398
Pirimicarb,Onion,0.002617562915142714,0.0035580700990773626,0.007116140198154725
Pirimiphos-methyl,Onion,0.0031635533382963687,0.004755946482045472,0.009511892964090943
Prochloraz,Onion,0.0038649939815537603,0.0051666369884864624,0.010333273976972925
Profenofos,Onion,0.0030124575020135016,0.0033975976215977442,0.0067951952431954885
Propargite,Onion,0.002944330892048198,0.003902445863290007,0.007804891726580014
Propiconazole,Onion,0.005510187911334645,0.00605700623106042,0.01211401246212084
Pymetrozin,Onion,0.006914573759272198,0.0119514074963903,0.0239028149927806
Pyraclostrobin,Onion,0.004041582370812935,0.004491731017435492,0.008983462034870984
Pyrethrin1,Onion,0.003010705576894076,0.004408664516009409,0.008817329032018819
Pyrethrin2,Onion,0.003624859336964871,0.004048751696601084,0.008097503393202168
Pyrimethanil,Onion,0.0028004927292163036,0.0030083342021820256,0.006016668404364051
Pyriproxyfen,Onion,0.003952154373990091,0.004072411751844818,0.008144823503689636
Simazine,Onion,0.002807194967004926,0.003624613157229415,0.00724922631445883
SpinetoramA,Onion,0.002712329731072841,0.0028220563112245594,0.005644112622449119
SpinetoramD,Onion,0.002456755331166362,0.0032072271967227457,0.0064144543934454915
SpinosynA,Onion,0.0030114975707994417,NaN,NaN
SpinosynD,Onion,0.0031785522799570296,0.003315291911520635,0.00663058382304127
Spirotetramat,Onion,0.010288767213067918,0.011408216427245575,0.02281643285449115
Spirotetramat-enol,Onion,0.005284104580143609,0.007170467868036098,0.014340935736072195
Tebufenozide,Onion,0.0036216887104383957,0.004252105761170382,0.008504211522340764
Tebufenpyrad,Onion,0.0032664177021402207,0.003405016202495302,0.006810032404990604
Terbufos Sulfone,Onion,0.003920647833066545,0.006059014608425657,0.012118029216851314
Terbufos sulfoxide,Onion,0.0034265200217558273,0.0035066311432452504,0.007013262286490501
Terbufos,Onion,0.004680990764288651,0.006194515279493409,0.012389030558986817
Thiabendazole,Onion,0.002983282284278357,0.0032979602447495014,0.006595920489499003
Thiacloprid,Onion,0.003509343263104588,0.0035949276460411437,0.007189855292082287
Thiamethoxam,Onion,0.005142927070841594,0.006339568752115032,0.012679137504230064
Tolclofos-methyl,Onion,0.0047355868158954935,0.007383554248215069,0.014767108496430138
Triadimefon,Onion,0.0069460355087448845,0.008674889210228194,0.017349778420456388
Triadimenol,Onion,0.005909059600209704,0.009012727791809191,0.018025455583618382
Trichlorfon,Onion,0.005066980289269302,0.005556312112954525,0.01111262422590905
Trifloxystrobin Metabolite,Onion,0.008413458000807702,0.013455257075646427,0.026910514151292853
Trifloxystrobin,Onion,0.0027096958681475645,0.003344789083575032,0.006689578167150064
Vamidothion,Onion,0.004950227038345218,0.005598526787635505,0.01119705357527101
Cyproconazole,Onion,0.0030299490901477617,0.003431262646160348,0.006862525292320696
Dimethomorph,Onion,0.004599535810302015,0.004962819593662221,0.009925639187324442
Mevinphos,Onion,0.003071560857750452,0.0031063872307896673,0.0062127744615793346
Tebuconazole,Onion,0.0029862495557722944,0.004823072225925825,0.00964614445185165
2-Aminobenzimidazole,Carrot,0.005308310455818771,NaN,NaN
Acephate,Carrot,0.004753868700285043,NaN,NaN
Azinphos-methyl,Carrot,0.0042487429263525535,0.0052069541075569865,0.010413908215113973
Azoxystrobin,Carrot,0.0030493986724650407,0.00411702040293727,0.00823404080587454
Benalaxyl,Carrot,0.0038415434062593306,0.003923457765149001,0.007846915530298001
Bifenthrin,Carrot,0.00392465096691524,0.004539091691358261,0.009078183382716522
Bitertanol,Carrot,0.007832764311059219,0.009814748854679001,0.019629497709358002
Boscalid,Carrot,0.006023839896477937,0.006496992735574123,0.012993985471148247
Buprofezin,Carrot,0.0029365764153898256,0.003753173810597326,0.007506347621194652
Carbaryl,Carrot,0.0033563345068492374,0.00456594027412555,0.0091318805482511
Carbendazim,Carrot,0.005131190841228654,0.007239112450145494,0.014478224900290987
Chlorantraniliprole,Carrot,0.005964030843824055,0.006408178300468625,0.01281635660093725
Chlorpyrifos,Carrot,0.002834523034947472,0.0038437711285288466,0.007687542257057693
Cinerin1,Carrot,0.0035180998762695996,0.005067394119246374,0.010134788238492749
Cinerin2,Carrot,0.004476035089297515,NaN,NaN
Clofentezine,Carrot,0.003696176426211557,0.0045073418830595055,0.009014683766119011
Cyprodinil,Carrot,0.004046309085659906,0.004249106927991458,0.008498213855982916
Demeton S-methyl,Carrot,0.0025892079999595323,0.00399514999511655,0.0079902999902331
Demeton-S methyl Sulfone,Carrot,0.006445019455186011,0.00831902886037366,0.01663805772074732
Demeton-S methyl Sulfoxide,Carrot,0.008302615443244675,0.009074953046680495,0.01814990609336099
Demeton-S,Carrot,0.0037034363568796327,0.00549683762151037,0.01099367524302074
Diazinon,Carrot,0.0022532640232476955,0.002319453420753857,0.004638906841507714
Difenoconazole,Carrot,0.00487021726017354,0.005859076352359399,0.011718152704718798
Dimethoate,Carrot,0.003628638160593635,0.004110714959147628,0.008221429918295256
Disulfoton Sulfone,Carrot,0.0022709988364455007,0.0033421322467934726,0.006684264493586945
Disulfoton Sulfoxide,Carrot,0.002723277920467201,0.003398849252819156,0.006797698505638312
Diuron,Carrot,0.0025887475194345975,0.004360333053187938,0.008720666106375875
Ethoprophos,Carrot,0.0030051432612966133,0.003353253563237773,0.006706507126475546
Fenamiphos Sulfone,Carrot,0.0045307852284692625,0.009169206876190284,0.01833841375238057
Fenamiphos Sulfoxide,Carrot,0.0036923948380044886,0.003911291112757971,0.007822582225515943
Fenamiphos,Carrot,0.0037002320821304144,0.004369479346755604,0.008738958693511208
Fenarimol,Carrot,0.009501408203064879,NaN,NaN
Fenhexamid,Carrot,0.00872305425953179,0.009339162014789428,0.018678324029578856
Fenoxycarb,Carrot,0.004050555728313978,NaN,NaN
Fenpyroximate,Carrot,0.004082721903478193,0.0047239503781036,0.0094479007562072
Fenthion,Carrot,0.003778033118087112,0.0054055533651623435,0.010811106730324687
Fenthion-oxon,Carrot,0.0026121732262280486,0.0038405212221041705,0.007681042444208341
Fenthion-oxon-sulfone,Carrot,0.005968436926357237,0.0061184368113622436,0.012236873622724487
Fenthion-oxon-sulfoxide,Carrot,0.003843833871159582,0.007224133673575557,0.014448267347151114
Fenthion-sulfone,Carrot,0.0035515476480059696,0.003622099538017357,0.007244199076034714
Fenthion-sulfoxide,Carrot,0.002981278151284115,NaN,NaN
Fipronil,Carrot,0.0037109340428726593,0.004683816061214813,0.009367632122429626
Fludioxonil,Carrot,0.0033972613584254733,0.006612145404281539,0.013224290808563077
Flusilazole,Carrot,0.004075709288416685,NaN,NaN
Hexaconazole,Carrot,0.006868806125901739,0.010294020815911374,0.020588041631822748
Hexythiazox,Carrot,0.0044122662932948595,0.004546235407710808,0.009092470815421616
Imazalil,Carrot,0.003574032970365745,0.004274614327620917,0.008549228655241834
Imidacloprid,Carrot,0.005305206696241831,0.011489006564839737,0.022978013129679474
Imidacloprid-olefin,Carrot,0.010995691523150934,0.011804138063553713,0.023608276127107426
Indoxacarb,Carrot,0.0025378301739455975,0.006711293313452309,0.013422586626904619
Jasmolin1,Carrot,0.003325047839292401,0.00363389846280931,0.00726779692561862
Jasmolin2,Carrot,0.0033094372383361582,0.004025704873073772,0.008051409746147544
Linuron,Carrot,0.003239385487358776,0.004401193385806035,0.00880238677161207
Malathion,Carrot,0.003917143404628278,0.004551321915975452,0.009102643831950905
Metalaxyl,Carrot,0.004139182100970343,0.00630533402020584,0.01261066804041168
Methabenzthiazuron,Carrot,0.0025158394598774397,0.003906919640632025,0.00781383928126405
Methacrifos,Carrot,0.004514269623760168,0.004836572717302527,0.009673145434605054
Methamidophos,Carrot,0.00286850100975053,0.003603573723445518,0.007207147446891036
Methidathion,Carrot,0.0037243476435282956,0.0039403812913529025,0.007880762582705805
Methomyl Oxime,Carrot,0.00596757989368614,0.006419638205262438,0.012839276410524876
Methomyl,Carrot,0.005030226090874147,NaN,NaN
Metribuzin,Carrot,0.006158967517192641,0.007802585023728977,0.015605170047457954
Monocrotophos,Carrot,0.0058088992337258895,0.006149093012179431,0.012298186024358861
Myclobutanil,Carrot,0.005655896838170819,NaN,NaN
Omethoate,Carrot,0.004961324184432736,0.005883524393146917,0.011767048786293834
Paclobutrazol,Carrot,0.0045333875354701715,0.004841139401425494,0.009682278802850988
Penconazole,Carrot,0.004929914529462212,0.005239594638656889,0.010479189277313778
Pendimethalin,Carrot,0.0022329480542675707,0.002830150756641189,0.005660301513282378
Phorate Oxon Sulfone,Carrot,0.0035452544278499736,0.003622355983382939,0.007244711966765878
Phorate Oxon Sulfoxide,Carrot,0.004216024163128741,0.00439517697906649,0.00879035395813298
Phorate Oxon,Carrot,0.0034748981832996273,0.005499093486996441,0.010998186973992881
Phorate,Carrot,0.004899364962049809,0.007021040110570125,0.01404208022114025
Phorate-sulfone,Carrot,0.0028142928947818835,0.004690571514992,0.009381143029984
Phorate-sulfoxide,Carrot,0.003126044628011561,NaN,NaN
Piperonyl butoxide,Carrot,0.0023264000516524997,0.002552546892064967,0.005105093784129934
Pirimicarb Desmethyl Formamido,Carrot,0.005896436468845481,NaN,NaN
Pirimicarb Desmethyl,Carrot,0.004344241647479217,0.005802641895719965,0.01160528379143993
Pirimicarb,Carrot,0.003301839785607164,0.004524310303050465,0.00904862060610093
Pirimiphos-methyl,Carrot,0.002622976077957662,0.0031281339126792876,0.006256267825358575
Prochloraz,Carrot,0.003812174009700866,NaN,NaN
Profenofos,Carrot,0.002552586739405909,0.0026443057406596846,0.005288611481319369
Propargite,Carrot,0.002393035681287137,0.0037597735517858567,0.007519547103571713
Propiconazole,Carrot,0.005371090267199761,0.007547793986335354,0.015095587972670708
Pymetrozin,Carrot,0.0070828664802084895,0.007261265724747264,0.014522531449494528
Pyraclostrobin,Carrot,0.004865111308275466,0.005057335870028771,0.010114671740057542
Pyrethrin1,Carrot,0.0030745751840799635,0.004398470655063577,0.008796941310127154
Pyrethrin2,Carrot,0.004224327340168255,0.004802538170534419,0.009605076341068839
Pyrimethanil,Carrot,0.0030150623733607965,NaN,NaN
Pyriproxyfen,Carrot,0.003287095384945681,0.003513137387503196,0.007026274775006392
Simazine,Carrot,0.0030915186495128334,NaN,NaN
SpinetoramA,Carrot,0.0026347128982536806,0.0031281182232143134,0.006256236446428627
SpinetoramD,Carrot,0.0027560327510332073,0.003741345672407269,0.007482691344814538
SpinosynA,Carrot,0.0026730228574330856,0.004362980008035937,0.008725960016071874
SpinosynD,Carrot,0.003001692811379735,0.0036165393333263407,0.007233078666652681
Spirotetramat,Carrot,0.00576659937056096,0.008185509462673494,0.016371018925346988
Spirotetramat-enol,Carrot,0.005885065848246453,0.00616316317363436,0.01232632634726872
Tebufenozide,Carrot,0.002420989766067813,0.0030290577895160102,0.0060581155790320204
Tebufenpyrad,Carrot,0.003693479550372897,0.004589764669130534,0.009179529338261067
Terbufos Sulfone,Carrot,0.003959928040118808,0.005783811306174678,0.011567622612349357
Terbufos sulfoxide,Carrot,0.002224529894182017,0.003159985357717243,0.006319970715434486
Terbufos,Carrot,0.004078855999888014,0.008782305705587528,0.017564611411175057
Thiabendazole,Carrot,0.003126915963694291,NaN,NaN
Thiacloprid,Carrot,0.003595927999539188,NaN,NaN
Thiamethoxam,Carrot,0.006543923522272156,NaN,NaN
Tolclofos-methyl,Carrot,0.003927632513644044,NaN,NaN
Triadimefon,Carrot,0.004685602985033568,0.006315802999921115,0.01263160599984223
Triadimenol,Carrot,0.0066669902953427765,NaN,NaN
Trichlorfon,Carrot,0.0036638741296759272,0.004565407695004987,0.009130815390009974
Trifloxystrobin Metabolite,Carrot,0.011994036409823836,0.02153091125703776,0.04306182251407552
Trifloxystrobin,Carrot,0.003764816511891436,0.00449402915774695,0.0089880583154939
Vamidothion,Carrot,0.004749671280150615,0.005640338703602134,0.011280677407204268
Cyproconazole,Carrot,0.0033863754618484567,0.003547637154444178,0.007095274308888356
Dimethomorph,Carrot,0.0037108297829061953,0.003974267928355957,0.007948535856711915
Mevinphos,Carrot,0.0023524589380127937,0.003021716316115034,0.006043432632230068
Tebuconazole,Carrot,0.0032341915102115665,0.005516010024926846,0.011032020049853692
2-Aminobenzimidazole,Orange,0.005694512729500163,NaN,NaN
Acephate,Orange,0.0046979903356477466,0.0054272313807869725,0.010854462761573945
Azinphos-methyl,Orange,0.0033949281021482653,0.005472886997919166,0.010945773995838333
Azoxystrobin,Orange,0.0036314634078239683,NaN,NaN
Benalaxyl,Orange,0.0028091238611747562,0.003357699988421923,0.006715399976843846
Bifenthrin,Orange,0.01079016963925372,0.014098025978213188,0.028196051956426375
Bitertanol,Orange,0.009079564852800592,0.009107584011591287,0.018215168023182574
Boscalid,Orange,0.00659033785288958,0.007564583803109323,0.015129167606218645
Buprofezin,Orange,0.0031134762817566133,0.003661884630213736,0.007323769260427472
Carbaryl,Orange,0.0036425257833936652,0.004049091037798885,0.00809818207559777
Carbendazim,Orange,0.004052265170846982,0.004224109721296138,0.008448219442592275
Chlorantraniliprole,Orange,0.008058097013955755,0.008969692311352737,0.017939384622705473
Chlorpyrifos,Orange,0.003036624933521438,0.003610146581498833,0.007220293162997666
Cinerin1,Orange,0.004545284017375689,0.005027468036710275,0.01005493607342055
Cinerin2,Orange,0.0067530006965793804,0.0068789851442780485,0.013757970288556097
Clofentezine,Orange,0.004912648646600601,0.00551077688790912,0.01102155377581824
Cyprodinil,Orange,0.003849470112430673,0.005021221877996154,0.010042443755992309
Demeton S-methyl,Orange,0.003992089619252835,0.006154838097061983,0.012309676194123965
Demeton-S methyl Sulfone,Orange,0.007380531872152658,0.007822996975740855,0.01564599395148171
Demeton-S methyl Sulfoxide,Orange,0.0048387579332127145,NaN,NaN
Demeton-S,Orange,0.0031133307852156218,0.004714085159061053,0.009428170318122106
Diazinon,Orange,0.0038203540487426503,0.00468146403952462,0.00936292807904924
Difenoconazole,Orange,0.003647860857564786,0.004600765313851308,0.009201530627702617
Dimethoate,Orange,0.004280497733630868,0.005279522364121035,0.01055904472824207
Disulfoton Sulfone,Orange,0.003249759502824539,NaN,NaN
Disulfoton Sulfoxide,Orange,0.008011279966378265,NaN,NaN
Diuron,Orange,0.0027814869219204208,0.002813424065222131,0.005626848130444262
Ethoprophos,Orange,0.0030487186579834283,NaN,NaN
Fenamiphos Sulfone,Orange,0.00593724862155555,0.011129572171007126,0.022259144342014252
Fenamiphos Sulfoxide,Orange,0.0038123723158325134,0.004566875976004445,0.00913375195200889
Fenamiphos,Orange,0.003833280902263854,NaN,NaN
Fenarimol,Orange,0.008786336113298116,NaN,NaN
Fenhexamid,Orange,0.004954233894047396,0.005309080163253206,0.010618160326506412
Fenoxycarb,Orange,0.003532628656998778,NaN,NaN
Fenpyroximate,Orange,0.003306974973722625,0.004605471205597329,0.009210942411194658
Fenthion,Orange,0.003185608093444353,0.0037437738236153193,0.007487547647230639
Fenthion-oxon,Orange,0.002458087550139771,0.0024629836338940295,0.004925967267788059
Fenthion-oxon-sulfone,Orange,0.005004830242485151,0.00607281644461125,0.0121456328892225
Fenthion-oxon-sulfoxide,Orange,0.004136895622337378,0.004860754751992793,0.009721509503985586
Fenthion-sulfone,Orange,0.003704110935411989,0.004274749972967489,0.008549499945934978
Fenthion-sulfoxide,Orange,0.0031587543975898514,0.0032477128469447173,0.006495425693889435
Fipronil,Orange,0.0032463135594159773,NaN,NaN
Fludioxonil,Orange,0.0038090634762268493,0.003940557026305589,0.007881114052611177
Flusilazole,Orange,0.004205678995537223,0.005145256012526396,0.010290512025052791
Hexaconazole,Orange,0.002975650591706972,0.003329724496664209,0.006659448993328418
Hexythiazox,Orange,0.005793999098764949,NaN,NaN
Imazalil,Orange,0.004277975186135457,0.004935186862560773,0.009870373725121546
Imidacloprid,Orange,0.00553550697658297,0.006056027428092329,0.012112054856184658
Imidacloprid-olefin,Orange,0.005843710388383117,0.006717195817588205,0.01343439163517641
Indoxacarb,Orange,0.004024739362025304,NaN,NaN
Jasmolin1,Orange,0.0030953967926371563,0.0031703272771726513,0.0063406545543453026
Jasmolin2,Orange,0.0036578849801674417,0.0044130316990507665,0.008826063398101533
Linuron,Orange,0.003540053853195061,NaN,NaN
Malathion,Orange,0.0030570187666153674,0.004048019525509691,0.008096039051019382
Metalaxyl,Orange,0.003374628363755575,NaN,NaN
Methabenzthiazuron,Orange,0.003223971269598687,NaN,NaN
Methacrifos,Orange,0.003997236246682439,0.004404826913156356,0.008809653826312712
Methamidophos,Orange,0.0023841937601487982,0.00272204517568987,0.00544409035137974
Methidathion,Orange,0.0037721143561856886,0.004735301762580678,0.009470603525161356
Methomyl Oxime,Orange,0.006287504277425473,0.008310612615571282,0.016621225231142563
Methomyl,Orange,0.0039747434689284804,NaN,NaN
Metribuzin,Orange,0.003968448440462297,0.004227015475484788,0.008454030950969575
Monocrotophos,Orange,0.0071898078866186885,NaN,NaN
Myclobutanil,Orange,0.0025069264082110735,0.0031198131070884626,0.006239626214176925
Omethoate,Orange,0.0038346769795833432,0.005403869488866781,0.010807738977733562
Paclobutrazol,Orange,0.005435186079685821,NaN,NaN
Penconazole,Orange,0.004263266014277481,0.006010353539005358,0.012020707078010716
Pendimethalin,Orange,0.002671530414503218,0.003166727341611326,0.006333454683222652
Phorate Oxon Sulfone,Orange,0.004768080651505043,0.004999252201934248,0.009998504403868496
Phorate Oxon Sulfoxide,Orange,0.0034605111156975877,NaN,NaN
Phorate Oxon,Orange,0.003447836899312348,0.0036137166768379666,0.007227433353675933
Phorate,Orange,0.0034821942592045234,0.004880054625097159,0.009760109250194318
Phorate-sulfone,Orange,0.0035986505755705492,0.004847406379285722,0.009694812758571444
Phorate-sulfoxide,Orange,0.003060243905955399,0.0032774967264994066,0.006554993452998813
Piperonyl butoxide,Orange,0.0029851812957743754,0.003278741199848408,0.006557482399696816
Pirimicarb Desmethyl Formamido,Orange,0.00376358505825166,0.004166470611723833,0.008332941223447667
Pirimicarb Desmethyl,Orange,0.005009048278785499,0.005278555418832989,0.010557110837665978
Pirimicarb,Orange,0.0030673124840316164,NaN,NaN
Pirimiphos-methyl,Orange,0.003504102266243642,0.004410647908069639,0.008821295816139278
Prochloraz,Orange,0.0041553416575744444,0.005627522598282469,0.011255045196564938
Profenofos,Orange,0.003100230493025915,0.003143563641841253,0.006287127283682506
Propargite,Orange,0.0032882274909551055,0.0035563104885668194,0.007112620977133639
Propiconazole,Orange,0.004037189337818464,0.007433849351047242,0.014867698702094484
Pymetrozin,Orange,0.005658213497386817,NaN,NaN
Pyraclostrobin,Orange,0.0036209647867160174,0.005454825701412408,0.010909651402824816
Pyrethrin1,Orange,0.004204733625488227,0.004543674301110863,0.009087348602221726
Pyrethrin2,Orange,0.005132489125756214,0.005232725323636942,0.010465450647273883
Pyrimethanil,Orange,0.002785790837384895,0.0028816647493187506,0.005763329498637501
Pyriproxyfen,Orange,0.0037977420649368404,NaN,NaN
Simazine,Orange,0.002402843068155633,NaN,NaN
SpinetoramA,Orange,0.005364845434564024,0.00638535297112383,0.01277070594224766
SpinetoramD,Orange,0.0051779540619555356,0.006414029814372782,0.012828059628745564
SpinosynA,Orange,0.006016842130168741,0.006471275449160535,0.01294255089832107
SpinosynD,Orange,0.005404708669803458,0.006298742933882983,0.012597485867765965
Spirotetramat,Orange,0.00715626782824386,0.007856192966714415,0.01571238593342883
Spirotetramat-enol,Orange,0.005621194291350083,0.007350818788300846,0.014701637576601692
Tebufenozide,Orange,0.004185592487351291,NaN,NaN
Tebufenpyrad,Orange,0.0038975626347814442,0.004597614887307528,0.009195229774615055
Terbufos Sulfone,Orange,0.003821781768321289,0.0044134254778912104,0.008826850955782421
Terbufos sulfoxide,Orange,0.003328596862452736,0.003819894810843381,0.007639789621686762
Terbufos,Orange,0.005086864180754255,0.010541002352811218,0.021082004705622437
Thiabendazole,Orange,0.0030276226094342567,NaN,NaN
Thiacloprid,Orange,0.004460697175982101,0.007485259081016171,0.014970518162032343
Thiamethoxam,Orange,0.005524313019875059,NaN,NaN
Tolclofos-methyl,Orange,0.005280155639752049,0.00712873969804491,0.01425747939608982
Triadimefon,Orange,0.0052920868634074945,0.0067734971797019285,0.013546994359403857
Triadimenol,Orange,0.003947244589601224,0.005002068321303207,0.010004136642606415
Trichlorfon,Orange,0.0054265499076113916,NaN,NaN
Trifloxystrobin Metabolite,Orange,0.012215305309209785,0.013654310895390992,0.027308621790781983
Trifloxystrobin,Orange,0.004428624011995411,NaN,NaN
Vamidothion,Orange,0.005400264403432763,NaN,NaN
Cyproconazole,Orange,0.0027136805554097477,0.004040829996661332,0.008081659993322663
Dimethomorph,Orange,0.0039027481640044924,0.004310308800352548,0.008620617600705096
Mevinphos,Orange,0.003611341714862268,NaN,NaN
Tebuconazole,Orange,0.0038274857155954716,0.005392448848755882,0.010784897697511764
