Compound,Matrix,n,Repeatability,Reproducibility,Precision
Dichlorvos,Apple,21,0.0022818528394601533,0.003346107699207222,0.006692215398414444
Mevinphos,Apple,18,0.0018944196078993752,0.002012442996004925,0.00402488599200985
"3,4 Dichloroaniline",Apple,21,0.010206319470938441,0.01175339571716845,0.0235067914343369
Methacrifos,Apple,21,0.0025336669579816965,0.0062470455057587315,0.012494091011517463
THP,Apple,21,0.0030062350550729014,0.003782476513004214,0.007564953026008428
2-Phenylphenol (raw) *,Apple,21,0.006213901849118328,0.006213901849118328,0.012427803698236655
Diphenylamine,Apple,18,0.0022644578874003174,0.002473025533836088,0.004946051067672176
Phorate-Oxon,Apple,21,0.0021716872235258396,0.0030570733191913357,0.006114146638382671
Ethoprophos,Apple,21,0.002333135365751552,0.0028794341139061538,0.0057588682278123075
Phorate (raw),Apple,21,0.002232282624195628,0.006215898203493239,0.012431796406986478
alpha-BHC,Apple,21,0.0034662241017870596,0.004271067591053426,0.008542135182106851
Hexachlorobenzene,Apple,21,0.002704048698725549,0.004139606195736772,0.008279212391473544
Dicloran,Apple,21,0.004326841657624964,0.004357562196838932,0.008715124393677864
Dimethoate (raw),Apple,21,0.004773484468211247,0.00746378016059653,0.01492756032119306
Simazine,Apple,15,7.735959503800743e-4,8.643431353088626e-4,0.0017286862706177252
beta-BHC,Apple,21,0.002034038129217617,0.003177288344562044,0.006354576689124088
Quintozene,Apple,21,0.00343661955535581,0.004882591524999809,0.009765183049999617
Lindane (gamma-BHC),Apple,20,0.0028840031847672935,0.003474473254013783,0.006948946508027566
Terbufos (raw),Apple,21,0.0027561455141625027,0.00396717818116207,0.00793435636232414
Diazinon,Apple,21,0.0030539615178290873,0.005093536587282589,0.010187073174565178
Pyrimethanil,Apple,21,0.0019231187467979485,0.00338540635529565,0.0067708127105913
Chlorothalonil,Apple,16,0.004870526349695374,0.006341889336117628,0.012683778672235257
Disulfoton (raw),Apple,21,0.0039078758489483265,0.005479124886677566,0.010958249773355131
delta-BHC,Apple,21,0.002238469573558244,0.0034971747586468997,0.006994349517293799
Pirimicarb (raw),Apple,21,0.0027795854435680215,0.003208222959493794,0.006416445918987588
Chlorpyrifos-methyl,Apple,21,0.0026579446648246513,0.006109620661370908,0.012219241322741816
Metribuzin,Apple,20,0.004283323976272908,0.004283323976272908,0.008566647952545817
Vinclozolin,Apple,21,0.0034948651675969574,0.0061993191967667964,0.012398638393533593
Parathion-methyl,Apple,21,0.0031347765166792694,0.004710339546089622,0.009420679092179245
Tolclofos-methyl,Apple,21,0.003190305503607642,0.004296510449285128,0.008593020898570256
Fipronyl-desulfonyl,Apple,21,0.003411559248780024,0.006111365513154501,0.012222731026309002
Heptachlor (raw),Apple,20,0.003256608708474511,0.004407324401601536,0.008814648803203071
Metalaxyl,Apple,21,0.0032525079456486917,0.0038936865870399908,0.0077873731740799815
Fenthion-oxon,Apple,18,0.002535076010882589,0.002535076010882589,0.005070152021765178
Pirimiphos-methyl,Apple,19,0.0041099387812611335,0.005950265965929152,0.011900531931858305
Fenitrothion,Apple,19,0.0033888538939124656,0.004187214059837952,0.008374428119675904
Linuron (raw),Apple,21,0.005102789775413396,0.006021672028067077,0.012043344056134154
Malathion,Apple,21,0.0021460391718195948,0.0026642770330510936,0.005328554066102187
"o,p-Dicofol",Apple,20,0.0029048829508231846,0.003446964826895855,0.00689392965379171
Chlorpyrifos,Apple,21,0.0032606518970369654,0.005604318548633519,0.011208637097267039
Aldrin,Apple,19,0.004767410610443723,0.0075048308362341346,0.015009661672468269
Fenthion (raw),Apple,21,0.002539693457317795,0.0035705859005868085,0.007141171801173617
Chlorthal-dimethyl,Apple,21,0.0025300765406578722,0.0057677155665950474,0.011535431133190095
Phorate-sulfoxide,Apple,19,0.0017519899825083284,0.0017519899825083284,0.003503979965016657
Parathion (ethyl),Apple,21,0.0038370538880347364,0.007410868328863694,0.014821736657727388
Triadimefon,Apple,20,0.0029031056248279286,0.0038949007735389458,0.0077898015470778915
Phorate-sulfone,Apple,21,0.002281601011264496,0.002281601011264496,0.004563202022528992
Dicofol (raw),Apple,21,0.0035839580850723636,0.0036260687845009196,0.007252137569001839
Pendimethalin,Apple,21,0.004513476997080478,0.005863521903740639,0.011727043807481278
Cyprodinil,Apple,21,0.003226100402889498,0.004239657603939189,0.008479315207878379
Fipronil-sulfide,Apple,21,0.002496331276347317,0.0044879211283646355,0.008975842256729271
Fipronil (raw),Apple,21,0.004791539335782314,0.009698951096946119,0.019397902193892237
Heptachlor-exo-epoxide,Apple,21,0.004613113468473957,0.007188002049901461,0.014376004099802922
Heptachlor-endo-epoxide,Apple,21,0.007149136366978243,0.007149136366978243,0.014298272733956487
Captan (raw),Apple,21,0.008072774743760164,0.01211918816458873,0.02423837632917746
Procymidone,Apple,20,0.0027362097064046425,0.002815166711421414,0.005630333422842828
Trifloxystrobin Metabolite,Apple,18,0.004155341676017081,0.004215018013229817,0.008430036026459633
Bromophos-ethyl,Apple,21,0.0036411804731563647,0.0036411804731563647,0.0072823609463127294
Methidathion,Apple,21,0.0028275739783734386,0.005234591317237997,0.010469182634475995
Chlordane-trans,Apple,20,0.003730119796665918,0.003730119796665918,0.007460239593331836
Paclobutrazol,Apple,19,0.0023314253891639158,0.0024739820982585224,0.004947964196517045
Chlordane-cis,Apple,21,0.0044410750521746015,0.0044410750521746015,0.008882150104349203
alpha-Endosulfan,Apple,21,0.010899464745850218,0.01277392766110551,0.02554785532221102
Fenamiphos (raw),Apple,21,0.005388920438461071,0.005388920438461071,0.010777840876922141
Hexaconazole,Apple,21,0.005925471918785665,0.006354170787329987,0.012708341574659974
Prothiofos,Apple,21,0.003577825445802916,0.003577825445802916,0.007155650891605832
Fludioxonil,Apple,19,0.004382901826714703,0.004382901826714703,0.008765803653429405
"p,p'-DDE",Apple,21,0.003714658223078636,0.0038208206013927467,0.0076416412027854935
Fipronil-sulfone,Apple,21,0.0037215204266152144,0.0037215204266152144,0.007443040853230429
Dieldrin (raw),Apple,21,0.00579718390857503,0.009837316465281335,0.01967463293056267
Flusilazole,Apple,21,0.003743567816936137,0.004208597210020279,0.008417194420040557
Oxyfluorfen,Apple,20,0.004889374977956794,0.004889374977956794,0.009778749955913588
Buprofezin,Apple,21,0.0037672193020636883,0.004649678432301473,0.009299356864602946
Kresoxim-methyl,Apple,21,0.002922102146123748,0.002922102146123748,0.005844204292247496
Fenthion-oxon-sulfone,Apple,18,0.011225572474531204,0.011225572474531204,0.022451144949062408
Chlorfenapyr,Apple,21,0.00717413752351801,0.011578534414323483,0.023157068828646966
Cyproconazole,Apple,20,0.0025977203699490345,0.0025977203699490345,0.005195440739898069
Endrin,Apple,19,0.0038075847237548674,0.0038075847237548674,0.007615169447509735
beta-Endosulfan,Apple,17,0.004461748029213487,0.004863190047045179,0.009726380094090359
"p,p'-DDD",Apple,20,0.0027215550012171102,0.00315912676771981,0.00631825353543962
"o,p'-DDT",Apple,21,0.0030627373895684065,0.003572211818875182,0.007144423637750364
Benalaxyl,Apple,21,0.0031840555151896356,0.004041910792823475,0.00808382158564695
Trifloxystrobin (raw),Apple,21,0.003643990268835122,0.003643990268835122,0.007287980537670244
Endosulfan sulfate,Apple,19,0.006565705108473015,0.0071410366879210915,0.014282073375842183
Propiconazole,Apple,21,0.003599777991390798,0.003599777991390798,0.007199555982781596
"p,p'-DDT",Apple,21,0.004061889661111886,0.004537434844268995,0.00907486968853799
Tebuconazole,Apple,19,0.0015567119652836043,0.0015567119652836043,0.0031134239305672085
Piperonyl butoxide,Apple,21,0.002402120756120334,0.003442510257174014,0.006885020514348028
Bioresmethrin,Apple,19,0.0030225739730598876,0.0031345581051522922,0.0062691162103045844
Iprodione,Apple,21,0.010602536983014504,0.01123850318065072,0.02247700636130144
Phosmet,Apple,20,0.003651157906969322,0.007170581184521209,0.014341162369042417
Bifenthrin,Apple,18,0.0016620233222820657,0.0021120416036266294,0.004224083207253259
Fenoxycarb,Apple,21,0.003698965320795043,0.004066274682792385,0.00813254936558477
Tebufenpyrad,Apple,20,0.0023750237504340994,0.0027198425604382757,0.0054396851208765515
Tetradifon,Apple,19,0.003133963430819571,0.003423168264279727,0.006846336528559454
Phenothrin,Apple,21,0.0031208896777925976,0.0031214387054428507,0.006242877410885701
Azinphos-methyl,Apple,19,0.004130609432724706,0.006003240442729013,0.012006480885458026
Pyriproxyfen,Apple,18,0.002685196454637905,0.0027128896716177675,0.005425779343235535
Cyhalothrin,Apple,21,0.003896316738534503,0.004281317585990188,0.008562635171980377
Fenarimol,Apple,20,0.0022860813474526328,0.0028447860650587286,0.005689572130117457
Azinphos-ethyl,Apple,21,0.003182805491017437,0.0049157987012029185,0.009831597402405837
Bitertanol,Apple,21,0.002774642834157731,0.003976347929588512,0.007952695859177024
Permethrin,Apple,21,0.002877202951721832,0.003916509448284709,0.007833018896569418
Cyfluthrin,Apple,21,0.003414400642284343,0.003414400642284343,0.006828801284568686
Cypermethrin,Apple,21,0.002429085333115235,0.0027501160148688465,0.005500232029737693
Boscalid,Apple,21,0.0034494575142849835,0.0034494575142849835,0.006898915028569967
Fenvalerate,Apple,20,0.003353282016191307,0.003619103688201315,0.00723820737640263
Pyraclostrobin,Apple,20,0.003978002680005237,0.005982576596926714,0.011965153193853427
tau-Fluvalinate,Apple,21,0.0034208295197473027,0.0034208295197473027,0.0068416590394946054
Difenoconazole,Apple,21,0.0027478077842250175,0.0027478077842250175,0.005495615568450035
Indoxacarb,Apple,21,0.0038843554755348332,0.0058511970401552175,0.011702394080310435
Deltamethrin,Apple,21,0.003395888270078553,0.003395888270078553,0.006791776540157106
Azoxystrobin,Apple,18,0.0017840727439080383,0.0017840727439080383,0.0035681454878160766
Dimethomorph,Apple,17,0.001965147559847043,0.001965147559847043,0.003930295119694086
Dichlorvos,Spinach,21,0.001803455677568034,0.001803455677568034,0.003606911355136068
Mevinphos,Spinach,21,0.0018378140051322723,0.0021617867074962506,0.004323573414992501
"3,4 Dichloroaniline",Spinach,17,0.003092560416867036,0.003092560416867036,0.006185120833734072
Methacrifos,Spinach,21,0.0027947899373031177,0.002961146932602734,0.005922293865205468
THP,Spinach,21,0.00525627712419629,0.01190615935607469,0.02381231871214938
2-Phenylphenol (raw),Spinach,21,0.0023729460625713785,0.004872751391405985,0.00974550278281197
Diphenylamine,Spinach,21,0.001489672383285607,0.0031474454602375664,0.006294890920475133
Phorate-Oxon,Spinach,21,0.0017350444850433566,0.002758185467808484,0.005516370935616968
Ethoprophos,Spinach,21,0.0015396191035859969,0.003856381494522106,0.007712762989044212
Phorate (raw),Spinach,20,0.002198713400206248,0.0035656147244332555,0.007131229448866511
alpha-BHC,Spinach,21,0.0020854374136734972,0.0034749258299724187,0.0069498516599448374
Hexachlorobenzene,Spinach,18,0.002149260116323531,0.002228321579909881,0.004456643159819762
Dicloran,Spinach,21,0.0022175200648686852,0.0040776464633746875,0.008155292926749375
Dimethoate (raw),Spinach,21,0.005678280675395629,0.0069454779004260135,0.013890955800852027
Simazine,Spinach,19,0.002452040179456008,0.002574935785266416,0.005149871570532832
beta-BHC,Spinach,21,0.0026245861351749124,0.0037312530039641974,0.007462506007928395
Quintozene,Spinach,21,0.005086555887204107,0.006660572742017067,0.013321145484034133
Lindane (gamma-BHC),Spinach,21,0.0020247343545139957,0.002545564235864337,0.005091128471728674
Terbufos (raw),Spinach,21,0.0018443805687925908,0.0024695413934327053,0.0049390827868654105
Diazinon,Spinach,19,0.0022613101449002024,0.0026944118930017353,0.005388823786003471
Pyrimethanil,Spinach,21,0.002155578219484843,0.0030235820311874605,0.006047164062374921
Chlorothalonil,Spinach,20,0.007922077534648726,0.007922077534648726,0.015844155069297452
Disulfoton (raw),Spinach,21,0.003983492325976179,0.006348471882122126,0.012696943764244252
delta-BHC,Spinach,21,0.004558762537467364,0.0054871652966898355,0.010974330593379671
Pirimicarb (raw),Spinach,21,0.002701564508511838,0.002852765694697609,0.005705531389395218
Chlorpyrifos-methyl,Spinach,21,0.0036588008704388133,0.004285624840336454,0.008571249680672908
Metribuzin,Spinach,21,0.004074036452447743,0.004254138681139497,0.008508277362278995
Vinclozolin,Spinach,15,0.0014476150610847262,0.0017763821625150261,0.0035527643250300523
Parathion-methyl,Spinach,19,0.002130913704091675,0.0028035005973826906,0.005607001194765381
Tolclofos-methyl,Spinach,21,0.0033540615038231813,0.004298756108647319,0.008597512217294639
Fipronyl-desulfonyl,Spinach,19,0.002517512306680088,0.0038380838837490353,0.0076761677674980705
Heptachlor (raw),Spinach,21,0.0030962891255834537,0.005342406398098986,0.010684812796197972
Metalaxyl,Spinach,21,0.003923402313590301,0.005643529857429719,0.011287059714859438
Fenthion-oxon,Spinach,19,0.0026603313882368326,0.002853786671132218,0.005707573342264436
Pirimiphos-methyl,Spinach,21,0.006661888049265937,0.00667415973462317,0.01334831946924634
Fenitrothion,Spinach,21,0.004235370713333732,0.004340326957181693,0.008680653914363385
Linuron (raw),Spinach,21,0.009323248548229501,0.009414036307123355,0.01882807261424671
Malathion,Spinach,21,0.0020330565775745274,0.0020330565775745274,0.004066113155149055
"o,p-Dicofol",Spinach,21,0.0020484911210488215,0.003365727322312855,0.00673145464462571
Chlorpyrifos,Spinach,21,0.0029618832490414535,0.0032682251939496693,0.006536450387899339
Aldrin,Spinach,21,0.007221258629247133,0.008110114244646895,0.01622022848929379
Fenthion (raw),Spinach,20,0.002672269018771029,0.004271857532012221,0.008543715064024442
Chlorthal-dimethyl,Spinach,20,0.0029401163061275972,0.0029401163061275972,0.0058802326122551945
Phorate-sulfoxide,Spinach,20,0.0014951810079380332,0.0017330878065574473,0.0034661756131148945
Parathion (ethyl),Spinach,21,0.004917664466952148,0.004917664466952148,0.009835328933904297
Triadimefon,Spinach,21,0.002996231760379155,0.005655965666360393,0.011311931332720786
Phorate-sulfone,Spinach,20,0.0017437449637488385,0.0025210704548059002,0.0050421409096118005
Dicofol (raw),Spinach,20,0.0022717304205476245,0.0022717304205476245,0.004543460841095249
Pendimethalin,Spinach,21,0.003218929872459095,0.004612311460298702,0.009224622920597404
Cyprodinil,Spinach,13,0.0011521035109746008,0.0011521035109746008,0.0023042070219492015
Fipronil-sulfide,Spinach,20,0.002230817639103559,0.004045011929024737,0.008090023858049473
Fipronil (raw),Spinach,21,0.0033417329882980437,0.0038893403074571503,0.0077786806149143005
Heptachlor-exo-epoxide,Spinach,20,0.006092596818631425,0.009019634039271265,0.01803926807854253
Heptachlor-endo-epoxide,Spinach,21,0.020092183230901693,0.020092183230901693,0.040184366461803386
Captan (raw),Spinach,21,0,0,0
Procymidone,Spinach,21,0.0034748509160666004,0.0037009181614965823,0.0074018363229931645
Trifloxystrobin Metabolite,Spinach,21,0.006173738030548525,0.0069179892186915,0.013835978437383
Bromophos-ethyl,Spinach,20,0.002740020139368635,0.002740020139368635,0.00548004027873727
Methidathion,Spinach,21,0.0025908407043960732,0.002776315156883332,0.005552630313766664
Chlordane-trans,Spinach,21,0.005771879009610937,0.006430584235156413,0.012861168470312826
Paclobutrazol,Spinach,21,0.002049750662343538,0.005604893027555489,0.011209786055110978
Chlordane-cis,Spinach,21,0.006229981655556566,0.0064275520355783974,0.012855104071156795
alpha-Endosulfan,Spinach,20,0.018645848160956817,0.019742588339105416,0.03948517667821083
Fenamiphos (raw),Spinach,20,0.006185891465366047,0.006185891465366047,0.012371782930732093
Hexaconazole,Spinach,20,0.006293001270140852,0.008872402627301828,0.017744805254603657
Prothiofos,Spinach,21,0.005400038359652115,0.007915142037221302,0.015830284074442605
Fludioxonil,Spinach,20,0.004701262644032909,0.006481310905945169,0.012962621811890339
"p,p'-DDE",Spinach,21,0.003986254557454328,0.004301212216412049,0.008602424432824099
Fipronil-sulfone,Spinach,21,0.003088278916592002,0.003413558300675241,0.006827116601350482
Dieldrin (raw),Spinach,21,0.00706771319744016,0.011385458472360709,0.022770916944721418
Flusilazole,Spinach,20,0.0025205333791493757,0.0028816643638620368,0.0057633287277240736
Oxyfluorfen,Spinach,16,0.003677584474094722,0.003677584474094722,0.007355168948189444
Buprofezin,Spinach,21,0.0038403982515044857,0.0038403982515044857,0.0076807965030089714
Kresoxim-methyl,Spinach,21,0.00377022461542991,0.0064564677797133195,0.012912935559426639
Fenthion-oxon-sulfone,Spinach,19,0.007677504593662861,0.00996971133601503,0.01993942267203006
Chlorfenapyr,Spinach,20,0.008895712678679805,0.008895712678679805,0.01779142535735961
Cyproconazole,Spinach,20,0.0022668853494773565,0.003246128323901891,0.006492256647803782
Endrin,Spinach,21,0.00666876728810183,0.006804697207196846,0.013609394414393692
beta-Endosulfan,Spinach,21,0.020540866390283834,0.02119988091995821,0.04239976183991642
"p,p'-DDD",Spinach,21,0.003630779792931793,0.005409718453070965,0.01081943690614193
"o,p'-DDT",Spinach,21,0.005431977189797117,0.0073491224428684065,0.014698244885736813
Benalaxyl,Spinach,19,0.002538557251012219,0.0034356491508475283,0.006871298301695057
Trifloxystrobin (raw),Spinach,19,0.002630689723745284,0.002795726695435938,0.005591453390871876
Endosulfan sulfate,Spinach,21,0.011335661665594361,0.013652530278054586,0.02730506055610917
Propiconazole,Spinach,21,0.0031762261724273826,0.003949467457427508,0.007898934914855016
"p,p'-DDT",Spinach,21,0.0034377059534262382,0.00452989563033947,0.00905979126067894
Tebuconazole,Spinach,21,0.002385055987496321,0.002385055987496321,0.004770111974992642
Piperonyl butoxide,Spinach,21,0.0024076646789678116,0.0034631945262330547,0.006926389052466109
Bioresmethrin,Spinach,21,0.004360818694068769,0.0057378019091198435,0.011475603818239687
Iprodione,Spinach,20,0.010558371743102537,0.010558371743102537,0.021116743486205073
Phosmet,Spinach,15,0.002535523450230084,0.0028765051132696898,0.0057530102265393795
Bifenthrin,Spinach,21,0.0018297766365549949,0.0025077625065216256,0.005015525013043251
Fenoxycarb,Spinach,21,0.003771603591417535,0.003771603591417535,0.00754320718283507
Tebufenpyrad,Spinach,21,0.0034456673968222373,0.0037351797851255856,0.007470359570251171
Tetradifon,Spinach,21,0.006845710857380492,0.006845710857380492,0.013691421714760984
Phenothrin,Spinach,21,0.004103927851403312,0.004592590749883813,0.009185181499767625
Azinphos-methyl,Spinach,18,0.005435620961591717,0.007150631229767552,0.014301262459535105
Pyriproxyfen,Spinach,21,0.0031313909886517724,0.0031313909886517724,0.006262781977303545
Cyhalothrin,Spinach,19,0.0024671463417131525,0.0029598665543882725,0.005919733108776545
Fenarimol,Spinach,21,0.0033765157677935935,0.0033765157677935935,0.006753031535587187
Azinphos-ethyl,Spinach,21,0.0038060926512423826,0.0038060926512423826,0.007612185302484765
Bitertanol,Spinach,21,0.0026435008654049573,0.003789903342690774,0.007579806685381548
Permethrin,Spinach,16,0.0016110083639503405,0.0016577017968850238,0.0033154035937700476
Cyfluthrin,Spinach,20,0.00366567750854309,0.00366567750854309,0.00733135501708618
Cypermethrin,Spinach,20,0.0029886580886525553,0.003202840040867004,0.006405680081734008
Boscalid,Spinach,21,0.0029739311805532203,0.003282293560973509,0.006564587121947018
Fenvalerate,Spinach,19,0.0029762779968083753,0.0037887529765782565,0.007577505953156513
Pyraclostrobin,Spinach,21,0.002937386269328243,0.003752469209742836,0.007504938419485672
tau-Fluvalinate,Spinach,21,0.006705527570594278,0.02665915037354821,0.05331830074709642
Difenoconazole,Spinach,21,0.0018069855631401162,0.0023821089095889055,0.004764217819177811
Indoxacarb,Spinach,19,0.0037758185016156243,0.0037758185016156243,0.0075516370032312485
Deltamethrin,Spinach,18,0.0022701699118284993,0.003796155445186771,0.007592310890373542
Azoxystrobin,Spinach,20,0.001818303299990494,0.002002963228925729,0.004005926457851458
Dimethomorph,Spinach,21,0.002567545304155097,0.002567545304155097,0.005135090608310194
Dichlorvos,Carrot,21,0.0018191350639664926,0.0023696294092990506,0.004739258818598101
Mevinphos,Carrot,21,0.001499520029029392,0.0016491677967292138,0.0032983355934584277
"3,4 Dichloroaniline",Carrot,21,0.0019289005010256887,0.004371602782087338,0.008743205564174676
Methacrifos,Carrot,21,0.002378958021874547,0.0025692334545964657,0.005138466909192931
THP,Carrot,21,0.003330066017744953,0.00359795066386296,0.00719590132772592
2-Phenylphenol (raw),Carrot,20,0.0027350497104746564,0.0031646236442148664,0.006329247288429733
Diphenylamine,Carrot,21,0.0019435950979465612,0.0024552061858357207,0.004910412371671441
Phorate-Oxon,Carrot,20,0.0015957464029829622,0.0017233038987308532,0.0034466077974617064
Ethoprophos,Carrot,21,0.0017018225524419368,0.0017018225524419368,0.0034036451048838736
Phorate (raw),Carrot,18,0.0013903984241136732,0.0013903984241136732,0.0027807968482273463
alpha-BHC,Carrot,21,0.0018963276958792574,0.002230847128685567,0.004461694257371134
Hexachlorobenzene,Carrot,20,0.002218641009079849,0.00245187196463281,0.00490374392926562
Dicloran,Carrot,21,0.002092549898894905,0.002147211924244799,0.004294423848489598
Dimethoate (raw),Carrot,20,0.0029591558291662376,0.0029591558291662376,0.005918311658332475
Simazine,Carrot,21,0.0034849576982698325,0.0036465933221491655,0.007293186644298331
beta-BHC,Carrot,20,0.0022573354747086544,0.0022573354747086544,0.004514670949417309
Quintozene,Carrot,21,0.0034994790995595258,0.005054142572470339,0.010108285144940677
Lindane (gamma-BHC),Carrot,19,0.002042483425065346,0.0029072870723339805,0.005814574144667961
Terbufos (raw),Carrot,21,0.0022070392434712684,0.0022070392434712684,0.004414078486942537
Diazinon,Carrot,21,0.002587380547047167,0.002587380547047167,0.005174761094094334
Pyrimethanil,Carrot,21,0.003388957792690089,0.00371879771735234,0.00743759543470468
Chlorothalonil,Carrot,21,0.005135213941231877,0.011651944540059647,0.023303889080119294
Disulfoton (raw),Carrot,18,0.0023209399436913965,0.0030930410242636266,0.006186082048527253
delta-BHC,Carrot,15,0.0017312396409637923,0.0017399711843080095,0.003479942368616019
Pirimicarb (raw),Carrot,21,0.0019082124103921394,0.0019082124103921394,0.0038164248207842788
Chlorpyrifos-methyl,Carrot,19,0.002665017700736351,0.002665017700736351,0.005330035401472702
Metribuzin,Carrot,21,0.0037888914490518746,0.0037888914490518746,0.007577782898103749
Vinclozolin,Carrot,20,0.0026243715267400968,0.0027660243334242805,0.005532048666848561
Parathion-methyl,Carrot,21,0.002233476185907488,0.0025274637067850495,0.005054927413570099
Tolclofos-methyl,Carrot,21,0.0021756630078689876,0.002245335906570182,0.004490671813140364
Fipronyl-desulfonyl,Carrot,21,0.0024669115065101897,0.0044248802589587025,0.008849760517917405
Heptachlor (raw),Carrot,21,0.0033495498394536735,0.004408615019998666,0.008817230039997332
Metalaxyl,Carrot,18,0.0021047737653188793,0.0021047737653188793,0.004209547530637759
Fenthion-oxon,Carrot,21,0.0038480821857045217,0.004540289181356198,0.009080578362712395
Pirimiphos-methyl,Carrot,21,0.004813260618102633,0.004813260618102633,0.009626521236205266
Fenitrothion,Carrot,21,0.003451346183185695,0.0035880892343615814,0.007176178468723163
Linuron (raw),Carrot,20,0.0035446023983607814,0.0035446023983607814,0.007089204796721563
Malathion,Carrot,21,0.0021331852627184946,0.0027688329769817786,0.005537665953963557
"o,p-Dicofol",Carrot,21,0.0023198378432656925,0.00385978877501802,0.00771957755003604
Chlorpyrifos,Carrot,16,0.0018989004915800818,0.0018989004915800818,0.0037978009831601636
Aldrin,Carrot,20,0.00656056126757904,0.007801313822882352,0.015602627645764705
Fenthion (raw),Carrot,14,0.0012803077281606475,0.001382564781176515,0.00276512956235303
Chlorthal-dimethyl,Carrot,18,0.0021255715571216207,0.002368772146383324,0.004737544292766648
Phorate-sulfoxide,Carrot,21,0.002339591946513425,0.002339591946513425,0.00467918389302685
Parathion (ethyl),Carrot,21,0.003015602285258643,0.0033992305051600866,0.006798461010320173
Triadimefon,Carrot,21,0.0025979699034145137,0.004994468572984578,0.009988937145969157
Phorate-sulfone,Carrot,21,0.0030324642920469278,0.004332174360973662,0.008664348721947324
Dicofol (raw),Carrot,21,0.0021792123959510383,0.0039052022690130644,0.007810404538026129
Pendimethalin,Carrot,21,0.005306564368480361,0.006648222871334771,0.013296445742669543
Cyprodinil,Carrot,21,0.0043203282870560335,0.0046753479262288625,0.009350695852457725
Fipronil-sulfide,Carrot,21,0.0026745876406689436,0.0026745876406689436,0.005349175281337887
Fipronil (raw),Carrot,21,0.004286064535952441,0.004286064535952441,0.008572129071904883
Heptachlor-exo-epoxide,Carrot,21,0.004413552540952252,0.004572041997533587,0.009144083995067174
Heptachlor-endo-epoxide,Carrot,20,0.018407730868912033,0.023480948975915003,0.046961897951830006
Captan (raw),Carrot,21,0.00865037241147124,0.009607163250111125,0.01921432650022225
Procymidone,Carrot,21,0.0038938626923232253,0.004196875497983975,0.00839375099596795
Trifloxystrobin Metabolite,Carrot,21,0.009785202709371539,0.013493288404713992,0.026986576809427985
Bromophos-ethyl,Carrot,21,0.0029393118188198327,0.0029393118188198327,0.005878623637639665
Methidathion,Carrot,21,0.003530620701758053,0.003626756576516559,0.007253513153033118
Chlordane-trans,Carrot,21,0.0047444595925560185,0.006459120904360198,0.012918241808720397
Paclobutrazol,Carrot,21,0.003744630017538979,0.003744630017538979,0.007489260035077958
Chlordane-cis,Carrot,19,0.003998108526005054,0.003998108526005054,0.007996217052010108
alpha-Endosulfan,Carrot,19,0.009122207163930604,0.009122207163930604,0.018244414327861207
Fenamiphos (raw),Carrot,18,0.004507844098091505,0.004507844098091505,0.00901568819618301
Hexaconazole,Carrot,19,0.003957621309394249,0.004422797056493593,0.008845594112987186
Prothiofos,Carrot,21,0.004761481862173743,0.005295497124531215,0.01059099424906243
Fludioxonil,Carrot,21,0.0052799633235859405,0.008755283924501788,0.017510567849003577
"p,p'-DDE",Carrot,21,0.003403239353210131,0.0038470547971461103,0.007694109594292221
Fipronil-sulfone,Carrot,21,0.004445015042737059,0.004678517048030016,0.009357034096060032
Dieldrin (raw),Carrot,21,0.01030902332448433,0.013743811965642535,0.02748762393128507
Flusilazole,Carrot,21,0.00305536192748691,0.00426388384482702,0.00852776768965404
Oxyfluorfen,Carrot,20,0.006484523689446405,0.007176338826060862,0.014352677652121724
Buprofezin,Carrot,21,0.004678531515642185,0.005522201633800937,0.011044403267601874
Kresoxim-methyl,Carrot,21,0.003330844308808772,0.004420254940780747,0.008840509881561494
Fenthion-oxon-sulfone,Carrot,18,0.01061173326356929,0.017071489748567627,0.034142979497135253
Chlorfenapyr,Carrot,21,0.010386401671538592,0.010386401671538592,0.020772803343077184
Cyproconazole,Carrot,21,0.002877204055085972,0.003172307364302116,0.006344614728604232
Endrin,Carrot,21,0.006092823387018275,0.008125541740181303,0.016251083480362607
beta-Endosulfan,Carrot,19,0.00952424125211932,0.010041703365958837,0.020083406731917674
"p,p'-DDD",Carrot,12,4.568760671568848e-4,4.598665265294095e-4,9.19733053058819e-4
"o,p'-DDT",Carrot,21,0.002834041368115585,0.0035093950677426724,0.007018790135485345
Benalaxyl,Carrot,21,0.0028425687019660324,0.0036855481690139993,0.0073710963380279985
Trifloxystrobin (raw),Carrot,18,0.0038048023747773124,0.004614719605462188,0.009229439210924376
Endosulfan sulfate,Carrot,18,0.0039025134269620567,0.006944394557281129,0.013888789114562258
Propiconazole,Carrot,15,0.0013080125933814391,0.001963749107079504,0.003927498214159008
"p,p'-DDT",Carrot,21,0.003050203480071654,0.003090862878442413,0.006181725756884826
Tebuconazole,Carrot,21,0.002871854939520935,0.0029414075255381595,0.005882815051076319
Piperonyl butoxide,Carrot,19,0.0025956639668053083,0.002710854422071613,0.005421708844143226
Bioresmethrin,Carrot,21,0.0034375189465567263,0.004360955318793926,0.008721910637587852
Iprodione,Carrot,21,0.013500276246438767,0.013500276246438767,0.027000552492877535
Phosmet,Carrot,15,0.002002564427356654,0.002002564427356654,0.004005128854713308
Bifenthrin,Carrot,21,0.0027079389456435925,0.003882175997580541,0.007764351995161082
Fenoxycarb,Carrot,18,0.003660249666217808,0.004263373682745882,0.008526747365491765
Tebufenpyrad,Carrot,20,0.0024067833642571605,0.0026781253715896926,0.005356250743179385
Tetradifon,Carrot,15,0.0017087342386727935,0.002148657314223988,0.004297314628447976
Phenothrin,Carrot,20,0.0041819712927706,0.0041819712927706,0.0083639425855412
Azinphos-methyl,Carrot,17,0.003982899501038678,0.004479134893992696,0.008958269787985392
Pyriproxyfen,Carrot,21,0.0034955361557095946,0.004378197840039966,0.008756395680079932
Cyhalothrin,Carrot,21,0.002957253927827435,0.003409737057710033,0.006819474115420066
Fenarimol,Carrot,21,0.0019924520268666604,0.002359812197070389,0.004719624394140778
Azinphos-ethyl,Carrot,21,0.002891006854872638,0.004238253795856875,0.00847650759171375
Bitertanol,Carrot,20,0.0027788575277735775,0.003518944175053486,0.007037888350106972
Permethrin,Carrot,18,0.001769382844608147,0.002879379748851341,0.005758759497702682
Cyfluthrin,Carrot,21,0.0027080435742432166,0.0037814615826000817,0.0075629231652001635
Cypermethrin,Carrot,13,9.315010927069725e-4,9.315010927069725e-4,0.001863002185413945
Boscalid,Carrot,21,0.003333375952108495,0.003563844328047704,0.007127688656095408
Fenvalerate,Carrot,21,0.0038052716149431513,0.005786661827171244,0.011573323654342488
Pyraclostrobin,Carrot,19,0.0025066807877008605,0.0029107611103271576,0.005821522220654315
tau-Fluvalinate,Carrot,20,0.002411419494320935,0.0025972197268471155,0.005194439453694231
Difenoconazole,Carrot,21,0.0016204766102737805,0.0025478505012796054,0.005095701002559211
Indoxacarb,Carrot,21,0.005124941811516358,0.0162427821542014,0.0324855643084028
Deltamethrin,Carrot,20,0.0024959196673760148,0.002866106375547213,0.005732212751094426
Azoxystrobin,Carrot,21,0.004636096127302292,0.016451769273999016,0.03290353854799803
Dimethomorph,Carrot,20,0.0022484397017569695,0.0030529975492479978,0.0061059950984959956
Dichlorvos,Onion,21,0.00169751545800288,0.002178074260210883,0.004356148520421766
Mevinphos,Onion,21,0.002212404423547679,0.002212404423547679,0.004424808847095358
"3,4 Dichloroaniline",Onion,21,0.0033542562395611495,0.006037286805576576,0.012074573611153152
Methacrifos,Onion,21,0.002667717352534909,0.0037398365674211477,0.007479673134842295
THP,Onion,21,0.0040562945401961875,0.048413303492966075,0.09682660698593215
2-Phenylphenol (raw),Onion,21,0.003976527758720288,0.004881640671563036,0.009763281343126071
Diphenylamine,Onion,21,0.002200792065208728,0.0037562590849041714,0.007512518169808343
Phorate-Oxon,Onion,18,0.0013671126798347956,0.001477362926613227,0.002954725853226454
Ethoprophos,Onion,17,0.001502035761415629,0.001502035761415629,0.003004071522831258
Phorate (raw),Onion,21,0.0023403343947746183,0.003045224989733152,0.006090449979466304
alpha-BHC,Onion,18,0.0015328391750304262,0.001559235427716941,0.003118470855433882
Hexachlorobenzene,Onion,20,0.0024540719891093413,0.0024790562036215054,0.004958112407243011
Dicloran,Onion,21,0.0036988065428283554,0.00407858910845972,0.00815717821691944
Dimethoate (raw),Onion,21,0.003817334522561896,0.004796580060012429,0.009593160120024858
Simazine,Onion,19,0.0020837208806203694,0.00237248207879844,0.00474496415759688
beta-BHC,Onion,20,0.0020181099888685085,0.0020181099888685085,0.004036219977737017
Quintozene,Onion,21,0.0040738346274031,0.0040738346274031,0.0081476692548062
Lindane (gamma-BHC),Onion,21,0.00235078811505945,0.00235078811505945,0.0047015762301189
Terbufos (raw),Onion,21,0.002466587193056911,0.0028980707868708567,0.005796141573741713
Diazinon,Onion,21,0.0025479961002686175,0.0037509510812066557,0.0075019021624133115
Pyrimethanil,Onion,17,0.0017333592488905124,0.0023488901303148797,0.0046977802606297595
Chlorothalonil,Onion,21,0,0,0
Disulfoton (raw),Onion,21,0.0043481541422130355,0.0043481541422130355,0.008696308284426071
delta-BHC,Onion,15,0.0013029750679801107,0.0013029750679801107,0.0026059501359602215
Pirimicarb (raw),Onion,21,0.0021243957123984994,0.0025957155960895043,0.005191431192179009
Chlorpyrifos-methyl,Onion,19,0.0024388565211902876,0.0024388565211902876,0.004877713042380575
Metribuzin,Onion,21,0.00492498457011522,0.00492498457011522,0.00984996914023044
Vinclozolin,Onion,21,0.0034046954039459653,0.005188770908164564,0.010377541816329128
Parathion-methyl,Onion,21,0.0035871007880309246,0.0035901927070102224,0.007180385414020445
Tolclofos-methyl,Onion,20,0.0025927073711865447,0.002759138675772364,0.005518277351544728
Fipronyl-desulfonyl,Onion,21,0.0036408338919224834,0.0036408338919224834,0.007281667783844967
Heptachlor (raw),Onion,21,0.002189673092945214,0.0032048053842660073,0.0064096107685320146
Metalaxyl,Onion,21,0.004120046809720213,0.004167860101194525,0.00833572020238905
Fenthion-oxon,Onion,17,0.0022641182152257516,0.002677382376165626,0.005354764752331252
Pirimiphos-methyl,Onion,20,0.004158463409382227,0.004158463409382227,0.008316926818764454
Fenitrothion,Onion,20,0.004110180365026969,0.00476899516470214,0.00953799032940428
Linuron (raw),Onion,21,0.0065725519916193685,0.0065725519916193685,0.013145103983238737
Malathion,Onion,21,0.002340606352046,0.002340606352046,0.004681212704092
"o,p-Dicofol",Onion,19,0.0017156884204168217,0.003011087918309157,0.006022175836618314
Chlorpyrifos,Onion,21,0.0020200447896967424,0.003936295350762613,0.007872590701525226
Aldrin,Onion,21,0.00559001064825632,0.00559001064825632,0.01118002129651264
Fenthion (raw),Onion,21,0.00333575840356944,0.004236921212454186,0.008473842424908371
Chlorthal-dimethyl,Onion,21,0.0033728949931654617,0.004785114603508204,0.009570229207016409
Phorate-sulfoxide,Onion,19,0.0016334537249119063,0.0016334537249119063,0.0032669074498238126
Parathion (ethyl),Onion,21,0.004795826227705622,0.004795826227705622,0.009591652455411244
Triadimefon,Onion,21,0.0023498017478009174,0.003627070555741441,0.007254141111482882
Phorate-sulfone,Onion,21,0.0025115946998884864,0.0026821269101041352,0.0053642538202082705
Dicofol (raw),Onion,21,0.002606379840509798,0.004528332275493804,0.009056664550987609
Pendimethalin,Onion,21,0.003699888672713835,0.003699888672713835,0.00739977734542767
Cyprodinil,Onion,21,0.0034867080940814824,0.004089179932089903,0.008178359864179805
Fipronil-sulfide,Onion,21,0.0026661451871063135,0.00279256581113567,0.00558513162227134
Fipronil (raw),Onion,20,0.004031680408808158,0.004194750178440167,0.008389500356880334
Heptachlor-exo-epoxide,Onion,19,0.0052360012686891375,0.005424408973402002,0.010848817946804003
Heptachlor-endo-epoxide,Onion,21,0.01327599169763056,0.01327599169763056,0.02655198339526112
Captan (raw),Onion,21,0,0,0
Procymidone,Onion,16,0.0022519567193740792,0.0022519567193740792,0.0045039134387481585
Trifloxystrobin Metabolite,Onion,15,0.002538705675720702,0.003051724987089336,0.006103449974178672
Bromophos-ethyl,Onion,21,0.0032904052435325745,0.0037188835095796078,0.0074377670191592155
Methidathion,Onion,21,0.0024245588700391907,0.004118982768550875,0.00823796553710175
Chlordane-trans,Onion,21,0.0036017887972065415,0.0036017887972065415,0.007203577594413083
Paclobutrazol,Onion,21,0.0025516670554570292,0.003128261019608614,0.006256522039217228
Chlordane-cis,Onion,18,0.0027128487223721525,0.0027128487223721525,0.005425697444744305
alpha-Endosulfan,Onion,21,0.014731999400936934,0.01474346508067333,0.02948693016134666
Fenamiphos (raw),Onion,21,0.002998655783503084,0.003929778948622175,0.00785955789724435
Hexaconazole,Onion,21,0.005230644289429331,0.005404398246628691,0.010808796493257382
Prothiofos,Onion,21,0.003922927114140302,0.004134127584431056,0.008268255168862112
Fludioxonil,Onion,21,0.004316458535155214,0.0050642346024689176,0.010128469204937835
"p,p'-DDE",Onion,21,0.003539702256333443,0.0037702403431211042,0.0075404806862422085
Fipronil-sulfone,Onion,20,0.0028115252746059205,0.0028115252746059205,0.005623050549211841
Dieldrin (raw),Onion,19,0.00429537828867926,0.004561766483148263,0.009123532966296526
Flusilazole,Onion,21,0.003284921056769299,0.0034357629934177315,0.006871525986835463
Oxyfluorfen,Onion,21,0.006611842189802865,0.007304486320622639,0.014608972641245279
Buprofezin,Onion,21,0.003699445904456505,0.003699445904456505,0.00739889180891301
Kresoxim-methyl,Onion,17,0.001947219874101341,0.0023755029601592783,0.004751005920318557
Fenthion-oxon-sulfone,Onion,21,0.023951929438137624,0.04396049521395069,0.08792099042790139
Chlorfenapyr,Onion,21,0.009037545319212812,0.009037545319212812,0.018075090638425623
Cyproconazole,Onion,21,0.0020901116397615367,0.0037810005694422248,0.0075620011388844496
Endrin,Onion,20,0.005197047036458266,0.005197047036458266,0.010394094072916532
beta-Endosulfan,Onion,19,0.008784034616103512,0.009441390125941357,0.018882780251882714
"p,p'-DDD",Onion,20,0.002455995550822164,0.0025896130238117114,0.005179226047623423
"o,p'-DDT",Onion,20,0.002995741702373377,0.003694716085490327,0.007389432170980654
Benalaxyl,Onion,20,0.00275389889132507,0.0032473611603812073,0.0064947223207624145
Trifloxystrobin (raw),Onion,21,0.003970323444502754,0.0039914237140782375,0.007982847428156475
Endosulfan sulfate,Onion,20,0.008715606755725504,0.009059448528956349,0.018118897057912697
Propiconazole,Onion,19,0.0013336847007266708,0.0020850816481586933,0.004170163296317387
"p,p'-DDT",Onion,21,0.002498311175606182,0.002638386566344932,0.005276773132689864
Tebuconazole,Onion,21,0.00272070689927196,0.0031969742284990526,0.006393948456998105
Piperonyl butoxide,Onion,21,0.0027849715737627654,0.002860037224437837,0.005720074448875674
Bioresmethrin,Onion,19,0.0028349499239719517,0.005582145572157842,0.011164291144315684
Iprodione,Onion,20,0.011932055312375607,0.011932055312375607,0.023864110624751213
Phosmet,Onion,21,0.003785655884545037,0.008390971135609956,0.016781942271219912
Bifenthrin,Onion,20,0.0017284499864740916,0.00225278478195533,0.00450556956391066
Fenoxycarb,Onion,21,0.003902730830650244,0.003902730830650244,0.007805461661300488
Tebufenpyrad,Onion,21,0.0025422268703476194,0.0033492912236292994,0.006698582447258599
Tetradifon,Onion,21,0.004554432517400553,0.0076556895831268726,0.015311379166253745
Phenothrin,Onion,16,0.0021508246778554015,0.0021508246778554015,0.004301649355710803
Azinphos-methyl,Onion,17,0.00287643746968482,0.004711171215642775,0.00942234243128555
Pyriproxyfen,Onion,21,0.002898958214627924,0.003095327947413782,0.006190655894827564
Cyhalothrin,Onion,15,0.0014801391504726546,0.0016250921732100562,0.0032501843464201124
Fenarimol,Onion,21,0.0027543820786014132,0.003092037062727242,0.006184074125454484
Azinphos-ethyl,Onion,21,0.003161994297355381,0.003942416555783992,0.007884833111567985
Bitertanol,Onion,21,0.0023734891602134617,0.002434056131583801,0.004868112263167602
Permethrin,Onion,18,0.002146855618717535,0.002153471127465005,0.00430694225493001
Cyfluthrin,Onion,19,0.001987173962476074,0.001987173962476074,0.003974347924952148
Cypermethrin,Onion,20,0.0022825174072251264,0.0029399376815552702,0.0058798753631105405
Boscalid,Onion,17,0.0017712619257252164,0.0017753500670116512,0.0035507001340233024
Fenvalerate,Onion,21,0.0037015770984639832,0.0043924064809484145,0.008784812961896829
Pyraclostrobin,Onion,21,0.002552096243893485,0.004356759545981002,0.008713519091962003
tau-Fluvalinate,Onion,21,0.0021685076427869474,0.004207636158321711,0.008415272316643421
Difenoconazole,Onion,21,0.002315690441795322,0.0023981428472145405,0.004796285694429081
Indoxacarb,Onion,21,0.0037993683685581237,0.0062882399687640735,0.012576479937528147
Deltamethrin,Onion,21,0.0036383189908754648,0.0041260750402889205,0.008252150080577841
Azoxystrobin,Onion,21,0.0022082051175716984,0.002523464711395794,0.005046929422791588
Dimethomorph,Onion,21,0.0025310553668067555,0.002809111874562765,0.00561822374912553
Dichlorvos,Avocado,21,0.004248698400126577,0.0047007360112666504,0.009401472022533301
Mevinphos,Avocado,18,0.002068295418093831,0.003240436545889537,0.006480873091779074
"3,4 Dichloroaniline",Avocado,21,0.0028817727678833887,0.014730215533381169,0.029460431066762337
Methacrifos,Avocado,20,0.003188302060346729,0.004083978053086872,0.008167956106173744
THP,Avocado,21,0.007554174395236767,0.01563516962657267,0.03127033925314534
2-Phenylphenol (raw),Avocado,21,0.002602374678683674,0.00679590197644649,0.01359180395289298
Diphenylamine,Avocado,21,0.0027390833827720135,0.004896471379757992,0.009792942759515984
Phorate-Oxon,Avocado,21,0.004407185330761859,0.009311967283763272,0.018623934567526545
Ethoprophos,Avocado,20,0.002015065908660685,0.002466095393145863,0.004932190786291726
Phorate (raw),Avocado,20,0.002232330777523817,0.00255827702318981,0.00511655404637962
alpha-BHC,Avocado,21,0.0032201427060953454,0.005419567407492388,0.010839134814984776
Hexachlorobenzene,Avocado,21,0.003524103173092851,0.00765720620087515,0.0153144124017503
Dicloran,Avocado,21,0.006062594787346056,0.006062594787346056,0.012125189574692111
Dimethoate (raw),Avocado,21,0.005397980662997529,0.008700851393167588,0.017401702786335176
Simazine,Avocado,21,0.0031945693005275403,0.0044688914907908195,0.008937782981581639
beta-BHC,Avocado,21,0.0041742059410258105,0.005205067062896654,0.010410134125793308
Quintozene,Avocado,20,0.005804307682667248,0.008187781956250135,0.01637556391250027
Lindane (gamma-BHC),Avocado,20,0.0036295423969426957,0.0060193838115074685,0.012038767623014937
Terbufos (raw),Avocado,20,0.0016518687745033685,0.0034806252576977856,0.006961250515395571
Diazinon,Avocado,20,0.003274495513563477,0.004839718187141932,0.009679436374283864
Pyrimethanil,Avocado,19,0.0032867859898169744,0.004852834667027166,0.009705669334054331
Chlorothalonil,Avocado,21,0.012556565284584466,0.0319087911350568,0.0638175822701136
Disulfoton (raw),Avocado,20,0.007312702849780488,0.008994951791871663,0.017989903583743326
delta-BHC,Avocado,21,0.0036927384771084835,0.006494057828109476,0.012988115656218952
Pirimicarb (raw),Avocado,21,0.0036811978295545906,0.00468489982759053,0.00936979965518106
Chlorpyrifos-methyl,Avocado,21,0.004943513787927425,0.007919116670660776,0.01583823334132155
Metribuzin,Avocado,21,0.0041668462818428825,0.006555602578716004,0.013111205157432007
Vinclozolin,Avocado,21,0.005612400669040057,0.007159110460457642,0.014318220920915285
Parathion-methyl,Avocado,21,0.002984755978965158,0.004028050033804189,0.008056100067608377
Tolclofos-methyl,Avocado,18,0.0020321900532918706,0.003155287392892449,0.006310574785784898
Fipronyl-desulfonyl,Avocado,21,0.0033292727648627863,0.008043631697458153,0.016087263394916305
Heptachlor (raw),Avocado,19,0.005279376992465244,0.0057663599715014205,0.011532719943002841
Metalaxyl,Avocado,21,0.003978091589997984,0.006619047139431293,0.013238094278862586
Fenthion-oxon,Avocado,21,0.00842702502628601,0.00842702502628601,0.01685405005257202
Pirimiphos-methyl,Avocado,21,0.008585541186222184,0.009254755828339118,0.018509511656678235
Fenitrothion,Avocado,20,0.003503701743922299,0.004651116921030398,0.009302233842060796
Linuron (raw),Avocado,21,0.009958469475060629,0.010103032884702878,0.020206065769405757
Malathion,Avocado,21,0.0031814694119302175,0.00697229810151047,0.01394459620302094
"o,p-Dicofol",Avocado,21,0.00385701648822975,0.0075412733726892955,0.015082546745378591
Chlorpyrifos,Avocado,21,0.005348586669867037,0.005348586669867037,0.010697173339734073
Aldrin,Avocado,18,0.01153036370108787,0.012125530107323045,0.02425106021464609
Fenthion (raw),Avocado,21,0.006252309414598174,0.053854245450671974,0.10770849090134395
Chlorthal-dimethyl,Avocado,19,0.004120047225081864,0.004344492374514819,0.008688984749029637
Phorate-sulfoxide,Avocado,21,0.002541936207409555,0.008742788631851076,0.017485577263702153
Parathion (ethyl),Avocado,20,0.004213327178176902,0.006172054812871904,0.012344109625743808
Triadimefon,Avocado,21,0.0032378811904044008,0.0040022685743833575,0.008004537148766715
Phorate-sulfone,Avocado,21,0.004055114152974086,0.008405089768325224,0.016810179536650448
Dicofol (raw),Avocado,21,0.004765424247007627,0.017987938192248813,0.035975876384497625
Pendimethalin,Avocado,21,0.0064693487319724095,0.006765203739182807,0.013530407478365614
Cyprodinil,Avocado,21,0.004526841991134484,0.005245044762232552,0.010490089524465104
Fipronil-sulfide,Avocado,21,0.0026012399363282836,0.008661593504708943,0.017323187009417887
Fipronil (raw),Avocado,21,0.007147857154753573,0.01273482330029733,0.02546964660059466
Heptachlor-exo-epoxide,Avocado,21,0.008266852532472727,0.011312725331314675,0.02262545066262935
Heptachlor-endo-epoxide,Avocado,20,0.02622119099398151,0.02622119099398151,0.05244238198796302
Captan (raw),Avocado,21,0,0,0
Procymidone,Avocado,21,0.003937217613960714,0.0046864101544843864,0.009372820308968773
Trifloxystrobin Metabolite,Avocado,19,0.009247636466056254,0.009247636466056254,0.01849527293211251
Bromophos-ethyl,Avocado,19,0.004261473623111627,0.007806878150173433,0.015613756300346867
Methidathion,Avocado,21,0.0056019402817804945,0.018084249827867747,0.036168499655735493
Chlordane-trans,Avocado,20,0.007017629051681401,0.007017629051681401,0.014035258103362803
Paclobutrazol,Avocado,21,0.0032165724141138318,0.004489900533722441,0.008979801067444882
Chlordane-cis,Avocado,18,0.008137503917049751,0.008137503917049751,0.016275007834099502
alpha-Endosulfan,Avocado,21,0.035609912722821775,0.03650436430901711,0.07300872861803422
Fenamiphos (raw),Avocado,21,0.009410315177826506,0.012356274012945543,0.024712548025891085
Hexaconazole,Avocado,21,0,0,0
Prothiofos,Avocado,21,0.006390808752257924,0.008390606304055736,0.01678121260811147
Fludioxonil,Avocado,18,0.002163034024345475,0.002316022635157275,0.00463204527031455
"p,p'-DDE",Avocado,21,0.005650787836629783,0.00638169235226139,0.01276338470452278
Fipronil-sulfone,Avocado,21,0.004378720912024053,0.008522588672878379,0.017045177345756758
Dieldrin (raw),Avocado,21,0.01253827929259225,0.015634351916979018,0.031268703833958036
Flusilazole,Avocado,19,0.0027760981846743776,0.0027760981846743776,0.005552196369348755
Oxyfluorfen,Avocado,20,0.010616849294191485,0.010616849294191485,0.02123369858838297
Buprofezin,Avocado,21,0.00510865776177893,0.006145917122684904,0.012291834245369808
Kresoxim-methyl,Avocado,21,0.004384616143992395,0.004408685999807421,0.008817371999614841
Fenthion-oxon-sulfone,Avocado,21,0,0,0
Chlorfenapyr,Avocado,20,0.010863580484922126,0.01213239408444343,0.02426478816888686
Cyproconazole,Avocado,21,0.0032467984230623264,0.003900138232331328,0.007800276464662656
Endrin,Avocado,21,0.010630525304704761,0.012249003124786127,0.024498006249572254
beta-Endosulfan,Avocado,19,0.011239053715621214,0.011239053715621214,0.022478107431242428
"p,p'-DDD",Avocado,21,0.0044344465125893545,0.009006020548635725,0.01801204109727145
"o,p'-DDT",Avocado,21,0.007209599530960467,0.013233286956514973,0.026466573913029947
Benalaxyl,Avocado,21,0.005359123654965085,0.005898208825307798,0.011796417650615596
Trifloxystrobin (raw),Avocado,21,0.004769427605335847,0.005940649830461584,0.011881299660923168
Endosulfan sulfate,Avocado,21,0.009747331991492907,0.01723701500824774,0.03447403001649548
Propiconazole,Avocado,21,0.004241235594149348,0.008246107966710083,0.016492215933420165
"p,p'-DDT",Avocado,21,0.006401672152586884,0.0168548299260697,0.0337096598521394
Tebuconazole,Avocado,21,0.004335550165560911,0.005427079870277142,0.010854159740554283
Piperonyl butoxide,Avocado,20,0.010079970814672518,0.013808328544198372,0.027616657088396744
Bioresmethrin,Avocado,21,0,0,0
Iprodione,Avocado,21,0.014968272742333661,0.018113495720343,0.036226991440686
Phosmet,Avocado,21,0.006681229213963834,0.025257043120897674,0.05051408624179535
Bifenthrin,Avocado,21,0.004277753081767509,0.0060451559851135124,0.012090311970227025
Fenoxycarb,Avocado,20,0.0037967920817507,0.004246747073040841,0.008493494146081682
Tebufenpyrad,Avocado,21,0.004067795120560657,0.008145655074862868,0.016291310149725735
Tetradifon,Avocado,21,0.007462358238264256,0.008924418843862055,0.01784883768772411
Phenothrin,Avocado,17,0.004992904821286083,0.004992904821286083,0.009985809642572166
Azinphos-methyl,Avocado,21,0.007937391619057599,0.03762706853309939,0.07525413706619878
Pyriproxyfen,Avocado,21,0.010425936370722259,0.03963976550793167,0.07927953101586334
Cyhalothrin,Avocado,21,0.006288709711957595,0.010647087590024782,0.021294175180049564
Fenarimol,Avocado,20,0.0029772500612428973,0.003024017114030995,0.00604803422806199
Azinphos-ethyl,Avocado,21,0.006114570290811102,0.02582219573384506,0.05164439146769012
Bitertanol,Avocado,21,0.004519791925257074,0.012055933870779093,0.024111867741558185
Permethrin,Avocado,21,0.005896940961075727,0.006396506965566772,0.012793013931133544
Cyfluthrin,Avocado,21,0.003092717765106161,0.010267074413230036,0.020534148826460073
Cypermethrin,Avocado,20,0.004856399038860981,0.00751007744197913,0.01502015488395826
Boscalid,Avocado,21,0.004609930963915128,0.011676064038389456,0.023352128076778913
Fenvalerate,Avocado,21,0.006456746072230939,0.01100445441658979,0.02200890883317958
Pyraclostrobin,Avocado,21,0.004675875777404086,0.011627991590785315,0.02325598318157063
tau-Fluvalinate,Avocado,21,0.003496240157382678,0.009119729565449779,0.018239459130899558
Difenoconazole,Avocado,21,0.004059337071532423,0.013146433028032518,0.026292866056065036
Indoxacarb,Avocado,21,0.0055108645938208795,0.00824298341076846,0.01648596682153692
Deltamethrin,Avocado,21,0.004717343885422532,0.014213459487832123,0.028426918975664246
Azoxystrobin,Avocado,21,0.008148919102536394,0.020915070779566718,0.041830141559133435
Dimethomorph,Avocado,21,0.005426409406561493,0.015413348530581213,0.030826697061162426
Dichlorvos,Orange,21,0.0016636482190731888,0.0020693623520828077,0.0041387247041656154
Mevinphos,Orange,21,0.002039215535444945,0.0022545957599570585,0.004509191519914117
"3,4 Dichloroaniline",Orange,21,0.002794324747349671,0.0032806475426841774,0.006561295085368355
Methacrifos,Orange,20,0.002357083341070211,0.0023710306466557876,0.004742061293311575
THP,Orange,15,0.0012599768516392163,0.0012599768516392163,0.0025199537032784326
2-Phenylphenol (raw),Orange,21,0.00402872779162946,0.005122994646655397,0.010245989293310795
Diphenylamine,Orange,21,0.002743312214233354,0.0039295121817338324,0.007859024363467665
Phorate-Oxon,Orange,18,0.0012446110503553586,0.001353512235027959,0.002707024470055918
Ethoprophos,Orange,21,0.0020790981714073073,0.002912138214369614,0.005824276428739228
Phorate (raw),Orange,21,0.0022900883742564956,0.0027244757343773286,0.005448951468754657
alpha-BHC,Orange,19,0.0016357169954749847,0.001657846571086944,0.003315693142173888
Hexachlorobenzene,Orange,21,0.0028533942472358637,0.0036399225341237386,0.007279845068247477
Dicloran,Orange,21,0.004029791636663194,0.004029791636663194,0.008059583273326388
Dimethoate (raw),Orange,21,0.006142741619437905,0.006624862981512111,0.013249725963024222
Simazine,Orange,20,0.0033553411370020572,0.0036944908293424145,0.007388981658684829
beta-BHC,Orange,20,0.002331484061101613,0.002844233003984094,0.005688466007968188
Quintozene,Orange,20,0.004069344712180893,0.004108957095263257,0.008217914190526514
Lindane (gamma-BHC),Orange,21,0.0026013354323781513,0.002941729904313441,0.005883459808626882
Terbufos (raw),Orange,18,0.001427235667573383,0.001427235667573383,0.002854471335146766
Diazinon,Orange,21,0.0038715291675561697,0.003921608634949995,0.00784321726989999
Pyrimethanil,Orange,20,0.0025523819818970292,0.0025523819818970292,0.0051047639637940585
Chlorothalonil,Orange,21,0.014778998344390327,0.015954548772391282,0.031909097544782564
Disulfoton (raw),Orange,21,0.005870565398259191,0.0062282449674165566,0.012456489934833113
delta-BHC,Orange,21,0.0055878065946919275,0.0057951425824582185,0.011590285164916437
Pirimicarb (raw),Orange,21,0.0033551214109983686,0.0033551214109983686,0.006710242821996737
Chlorpyrifos-methyl,Orange,20,0.003004711216705915,0.003235505538441519,0.006471011076883038
Metribuzin,Orange,21,0.003467646610580871,0.003467646610580871,0.006935293221161742
Vinclozolin,Orange,21,0.004716310940649364,0.00503759708132176,0.01007519416264352
Parathion-methyl,Orange,21,0.0030544682336662438,0.0043490135717906215,0.008698027143581243
Tolclofos-methyl,Orange,21,0.0024357877380350498,0.0024357877380350498,0.0048715754760700995
Fipronyl-desulfonyl,Orange,21,0.003952554127015104,0.004319365111447098,0.008638730222894195
Heptachlor (raw),Orange,21,0.00296791573490957,0.002998654233299391,0.005997308466598782
Metalaxyl,Orange,21,0.00418208271953292,0.005020862394417263,0.010041724788834526
Fenthion-oxon,Orange,16,0.0022453727347477776,0.0025412093680142376,0.005082418736028475
Pirimiphos-methyl,Orange,21,0.007176447036207541,0.008048062639225539,0.016096125278451077
Fenitrothion,Orange,19,0.0036098525395288432,0.0036098525395288432,0.0072197050790576865
Linuron (raw),Orange,21,0.010422024983749792,0.013924080619144501,0.027848161238289003
Malathion,Orange,20,0.0029442118832457204,0.003361124360133913,0.006722248720267826
"o,p-Dicofol",Orange,21,0.002921051398014296,0.0037714522906902035,0.007542904581380407
Chlorpyrifos,Orange,21,0.004042714002738318,0.0054253589492208815,0.010850717898441763
Aldrin,Orange,19,0.006497505400426491,0.006497505400426491,0.012995010800852982
Fenthion (raw),Orange,21,0.003406846048767101,0.003406846048767101,0.006813692097534202
Chlorthal-dimethyl,Orange,20,0.003335527604106898,0.003335527604106898,0.006671055208213796
Phorate-sulfoxide,Orange,21,0.002745698222703786,0.003573008983654938,0.007146017967309876
Parathion (ethyl),Orange,21,0.0026815231989797657,0.004247467032300099,0.008494934064600198
Triadimefon,Orange,21,0.003630921436245967,0.0036530597556338022,0.0073061195112676044
Phorate-sulfone,Orange,21,0.0031089622113731202,0.00343104573416502,0.00686209146833004
Dicofol (raw),Orange,21,0.00234160235464982,0.0026249583087068267,0.0052499166174136535
Pendimethalin,Orange,20,0.004635339166412211,0.004635339166412211,0.009270678332824422
Cyprodinil,Orange,21,0.0028276486389572563,0.002902984741290121,0.005805969482580242
Fipronil-sulfide,Orange,21,0.0037215242652900798,0.0037215242652900798,0.0074430485305801595
Fipronil (raw),Orange,21,0.004517140196579637,0.00779784934592665,0.0155956986918533
Heptachlor-exo-epoxide,Orange,19,0.004843876251810859,0.0049292700752216565,0.009858540150443313
Heptachlor-endo-epoxide,Orange,21,0.019831870214139565,0.021891907615546415,0.04378381523109283
Captan (raw),Orange,20,0.0061594404780630115,0.006423334377393841,0.012846668754787682
Procymidone,Orange,21,0.003569022586398443,0.003900552987134283,0.007801105974268566
Trifloxystrobin Metabolite,Orange,17,0.006423621798238338,0.009308063546003413,0.018616127092006825
Bromophos-ethyl,Orange,20,0.004039135026797929,0.004128579840574725,0.00825715968114945
Methidathion,Orange,21,0.006274650183128535,0.007016078764130989,0.014032157528261978
Chlordane-trans,Orange,21,0.004866806097154641,0.005533178405338667,0.011066356810677334
Paclobutrazol,Orange,21,0.0045155078464233795,0.0055258629393507225,0.011051725878701445
Chlordane-cis,Orange,21,0.00705316229876347,0.00705316229876347,0.01410632459752694
alpha-Endosulfan,Orange,21,0.016550553340387623,0.016550553340387623,0.03310110668077525
Fenamiphos (raw),Orange,21,0.005754576646544242,0.005976095635749065,0.01195219127149813
Hexaconazole,Orange,21,0.008214083530983142,0.008214083530983142,0.016428167061966283
Prothiofos,Orange,20,0.0037284037895495134,0.003772240011237481,0.007544480022474962
Fludioxonil,Orange,20,0.0038669324078006023,0.004102740955171071,0.008205481910342143
"p,p'-DDE",Orange,20,0.004267305777588446,0.004267305777588446,0.008534611555176892
Fipronil-sulfone,Orange,21,0.003904586436243306,0.004162149660442105,0.00832429932088421
Dieldrin (raw),Orange,21,0.008716358730789455,0.010920513026497644,0.021841026052995288
Flusilazole,Orange,21,0.004619879061153282,0.004784855573279391,0.009569711146558782
Oxyfluorfen,Orange,20,0.0047652782889216734,0.0047652782889216734,0.009530556577843347
Buprofezin,Orange,21,0.006457548923178063,0.007003004942972165,0.01400600988594433
Kresoxim-methyl,Orange,21,0.004466009546546145,0.0045758654064217315,0.009151730812843463
Fenthion-oxon-sulfone,Orange,21,0.014485301088311822,0.017673934880203107,0.035347869760406214
Chlorfenapyr,Orange,21,0.010087654564028976,0.010788676004587994,0.021577352009175987
Cyproconazole,Orange,20,0.0030450615527348526,0.0030450615527348526,0.006090123105469705
Endrin,Orange,21,0.011632573109284864,0.011632573109284864,0.02326514621856973
beta-Endosulfan,Orange,21,0.011353676000756706,0.011353676000756706,0.02270735200151341
"p,p'-DDD",Orange,21,0.003189469777301148,0.003988044804229784,0.007976089608459568
"o,p'-DDT",Orange,21,0.004544499029438935,0.0053198394559173185,0.010639678911834637
Benalaxyl,Orange,21,0.00467878240164092,0.005046594797248839,0.010093189594497677
Trifloxystrobin (raw),Orange,15,0.0023443386297868963,0.0023443386297868963,0.004688677259573793
Endosulfan sulfate,Orange,21,0.013646680159111213,0.020529854600848323,0.041059709201696645
Propiconazole,Orange,21,0.00442881868229384,0.00442881868229384,0.00885763736458768
"p,p'-DDT",Orange,21,0.004196564354439523,0.004372548953841629,0.008745097907683259
Tebuconazole,Orange,21,0.00397678421572163,0.004219187383474541,0.008438374766949083
Piperonyl butoxide,Orange,21,0.004159327631866277,0.006342016836229656,0.012684033672459311
Bioresmethrin,Orange,21,0.005083885215943504,0.005156960358200796,0.010313920716401592
Iprodione,Orange,18,0.014933622607742449,0.017620493135737183,0.035240986271474366
Phosmet,Orange,21,0.01062695151079078,0.013828380926472162,0.027656761852944325
Bifenthrin,Orange,21,0.00408561160932145,0.0041360924245255545,0.008272184849051109
Fenoxycarb,Orange,21,0.0037804041524095743,0.004071811343744651,0.008143622687489301
Tebufenpyrad,Orange,20,0.0037301147653208975,0.0037301147653208975,0.007460229530641795
Tetradifon,Orange,21,0.004732135831081932,0.005623782770792375,0.01124756554158475
Phenothrin,Orange,21,0.007842918654166513,0.012503245265804826,0.02500649053160965
Azinphos-methyl,Orange,21,0.009938315624909357,0.0132251326652554,0.0264502653305108
Pyriproxyfen,Orange,21,0.005363803140215358,0.0053826004008127835,0.010765200801625567
Cyhalothrin,Orange,20,0.0038687409014387364,0.003948476938131005,0.00789695387626201
Fenarimol,Orange,21,0.003782377055566532,0.003782377055566532,0.007564754111133064
Azinphos-ethyl,Orange,21,0.005255885891829894,0.006459817608680217,0.012919635217360434
Bitertanol,Orange,21,0.0038504640000749254,0.0038504640000749254,0.007700928000149851
Permethrin,Orange,21,0.005208490473819942,0.0056429517171098275,0.011285903434219655
Cyfluthrin,Orange,18,0.0024489557865434016,0.0024489557865434016,0.004897911573086803
Cypermethrin,Orange,21,0.004423468796145871,0.00501747849783041,0.01003495699566082
Boscalid,Orange,21,0.004540833431647572,0.004540833431647572,0.009081666863295144
Fenvalerate,Orange,21,0.005565333316220599,0.0070075607855562255,0.014015121571112451
Pyraclostrobin,Orange,21,0.004653075787660713,0.005696153075887771,0.011392306151775541
tau-Fluvalinate,Orange,21,0.005786981009675886,0.005976790996198969,0.011953581992397938
Difenoconazole,Orange,21,0.003565458852012853,0.0035684484709458688,0.0071368969418917376
Indoxacarb,Orange,21,0.0071721698693575815,0.0071721698693575815,0.014344339738715163
Deltamethrin,Orange,20,0.0036474327720097226,0.0036474327720097226,0.007294865544019445
Azoxystrobin,Orange,21,0.004786435032198842,0.005077894804567983,0.010155789609135966
Dimethomorph,Orange,21,0.004386465294263454,0.0047871616148330125,0.009574323229666025
Dichlorvos,Strawberries,21,0.0015086991137642455,0.0017591243183319775,0.003518248636663955
Mevinphos,Strawberries,21,0.002346171146276211,0.0028972812731093626,0.005794562546218725
"3,4 Dichloroaniline",Strawberries,21,0.005333502080663738,0.007326636011028201,0.014653272022056402
Methacrifos,Strawberries,21,0.0024563642638715834,0.0024563642638715834,0.004912728527743167
THP,Strawberries,21,0.003610925880475208,0.004391967854237208,0.008783935708474416
2-Phenylphenol (raw),Strawberries,21,0.005555800915216793,0.005555800915216793,0.011111601830433585
Diphenylamine,Strawberries,20,0.0036876521760367473,0.003907493135904765,0.00781498627180953
Phorate-Oxon,Strawberries,21,0.0020750176897314414,0.0023220362574586035,0.004644072514917207
Ethoprophos,Strawberries,20,0.002366124607509786,0.002366124607509786,0.004732249215019572
Phorate (raw),Strawberries,21,0.002356379722545877,0.002811571933046333,0.005623143866092666
alpha-BHC,Strawberries,21,0.002624347235542281,0.002624347235542281,0.005248694471084562
Hexachlorobenzene,Strawberries,21,0.003321810082202506,0.003321810082202506,0.006643620164405012
Dicloran,Strawberries,21,0.00689588570689362,0.007029804334374598,0.014059608668749196
Dimethoate (raw),Strawberries,21,0.002995596238713893,0.004733391371685951,0.009466782743371902
Simazine,Strawberries,21,0.003586618206434884,0.003586618206434884,0.007173236412869768
beta-BHC,Strawberries,20,0.002761012860673908,0.002906229605151173,0.005812459210302346
Quintozene,Strawberries,21,0.0035774048410580263,0.004361906763359906,0.008723813526719812
Lindane (gamma-BHC),Strawberries,20,0.0034566070376722247,0.0035509345156625755,0.007101869031325151
Terbufos (raw),Strawberries,20,0.0021326514250670082,0.0021326514250670082,0.0042653028501340165
Diazinon,Strawberries,21,0.004057676440432142,0.004057676440432142,0.008115352880864284
Pyrimethanil,Strawberries,20,0.0026263505262692443,0.0026263505262692443,0.0052527010525384886
Chlorothalonil,Strawberries,21,0.010204611391463845,0.010238793409195758,0.020477586818391517
Disulfoton (raw),Strawberries,21,0.004859097832523206,0.004859097832523206,0.009718195665046413
delta-BHC,Strawberries,20,0.003866477127586722,0.004330155059496803,0.008660310118993606
Pirimicarb (raw),Strawberries,21,0.003086769513868184,0.003086769513868184,0.006173539027736368
Chlorpyrifos-methyl,Strawberries,21,0.0035230488239411367,0.004787505208608025,0.00957501041721605
Metribuzin,Strawberries,21,0.007729207129915906,0.007729207129915906,0.015458414259831812
Vinclozolin,Strawberries,21,0.004110288871013158,0.004134932486349287,0.008269864972698574
Parathion-methyl,Strawberries,21,0.002981100254966063,0.005777906018548908,0.011555812037097817
Tolclofos-methyl,Strawberries,18,0.001836900598705276,0.001836900598705276,0.003673801197410552
Fipronyl-desulfonyl,Strawberries,21,0.0027752288622914056,0.003784811842122686,0.007569623684245372
Heptachlor (raw),Strawberries,20,0.0027195746238067807,0.003259730896539949,0.006519461793079898
Metalaxyl,Strawberries,21,0.005199557215580495,0.0066752920902231555,0.013350584180446311
Fenthion-oxon,Strawberries,20,0.003109808464113736,0.0038560559266592365,0.007712111853318473
Pirimiphos-methyl,Strawberries,21,0.007148768680744513,0.007148768680744513,0.014297537361489025
Fenitrothion,Strawberries,21,0.004986087469546466,0.004986087469546466,0.009972174939092932
Linuron (raw),Strawberries,21,0.008260514031432431,0.01026741507122888,0.02053483014245776
Malathion,Strawberries,21,0.0028408362842041405,0.0033873985161895236,0.006774797032379047
"o,p-Dicofol",Strawberries,21,0.002306602325004094,0.0030922434231080735,0.006184486846216147
Chlorpyrifos,Strawberries,19,0.002415500755290614,0.003457745301337609,0.006915490602675218
Aldrin,Strawberries,21,0.008407500336292706,0.008407500336292706,0.01681500067258541
Fenthion (raw),Strawberries,21,0.003701340812398102,0.0037956872232309475,0.007591374446461895
Chlorthal-dimethyl,Strawberries,17,0.0021198933598515907,0.0021599033242814896,0.004319806648562979
Phorate-sulfoxide,Strawberries,21,0.0018732507183952271,0.0023342943113439647,0.004668588622687929
Parathion (ethyl),Strawberries,21,0.0040148782819716495,0.006236951494566737,0.012473902989133473
Triadimefon,Strawberries,21,0.004375978257976806,0.005093598089425454,0.010187196178850909
Phorate-sulfone,Strawberries,21,0.004098864728615966,0.004950709699690767,0.009901419399381535
Dicofol (raw),Strawberries,19,0.0032408004871665634,0.0032408004871665634,0.006481600974333127
Pendimethalin,Strawberries,21,0.00487700467532835,0.006237135713190939,0.012474271426381878
Cyprodinil,Strawberries,21,0.004076346013943961,0.004076346013943961,0.008152692027887922
Fipronil-sulfide,Strawberries,21,0.002640497187429937,0.0026874856114153696,0.005374971222830739
Fipronil (raw),Strawberries,21,0.004945835509687816,0.007191327921803566,0.014382655843607131
Heptachlor-exo-epoxide,Strawberries,21,0.00793589134430225,0.008269322250111582,0.016538644500223163
Heptachlor-endo-epoxide,Strawberries,20,0.014425660915782781,0.016827999941636394,0.03365599988327279
Captan (raw),Strawberries,21,0.008595857252465394,0.01223691348750494,0.02447382697500988
Procymidone,Strawberries,21,0.003756562300489679,0.004538270295929008,0.009076540591858017
Trifloxystrobin Metabolite,Strawberries,21,0.004548109846365105,0.015554616328140217,0.031109232656280433
Bromophos-ethyl,Strawberries,20,0.005106541405496527,0.005814875090784718,0.011629750181569436
Methidathion,Strawberries,21,0.0037290766549392235,0.004462272155428849,0.008924544310857698
Chlordane-trans,Strawberries,20,0.006236645250260033,0.007354112926419054,0.014708225852838108
Paclobutrazol,Strawberries,21,0.004639317136396639,0.004843646164127322,0.009687292328254644
Chlordane-cis,Strawberries,21,0.005150190010364387,0.005583692789728676,0.011167385579457352
alpha-Endosulfan,Strawberries,16,0.004500115582561221,0.004500115582561221,0.009000231165122443
Fenamiphos (raw),Strawberries,21,0.007320122082423716,0.007320122082423716,0.014640244164847433
Hexaconazole,Strawberries,21,0.007451692467816997,0.007451692467816997,0.014903384935633994
Prothiofos,Strawberries,21,0.005031749514294525,0.005056254293742871,0.010112508587485742
Fludioxonil,Strawberries,21,0.005209454469809277,0.006971177395943549,0.013942354791887098
"p,p'-DDE",Strawberries,21,0.004049256055521128,0.004614777358446146,0.009229554716892291
Fipronil-sulfone,Strawberries,21,0.003908131734063429,0.003908131734063429,0.007816263468126859
Dieldrin (raw),Strawberries,21,0.010037316643248103,0.010126595515507361,0.020253191031014722
Flusilazole,Strawberries,21,0.004458268579859083,0.005822859771484054,0.011645719542968109
Oxyfluorfen,Strawberries,21,0.00565128247841087,0.00565128247841087,0.01130256495682174
Buprofezin,Strawberries,20,0.004204100172843799,0.004204100172843799,0.008408200345687598
Kresoxim-methyl,Strawberries,21,0.0032250852086688512,0.003730457833330715,0.00746091566666143
Fenthion-oxon-sulfone,Strawberries,17,0.01720387166716074,0.018389609726166163,0.036779219452332326
Chlorfenapyr,Strawberries,21,0.008517884639401894,0.008517884639401894,0.01703576927880379
Cyproconazole,Strawberries,21,0.0030171149364388683,0.004039629453606976,0.008079258907213952
Endrin,Strawberries,21,0.008793880899229944,0.009075975276017688,0.018151950552035376
beta-Endosulfan,Strawberries,21,0.014969250492842328,0.016821794880249763,0.033643589760499526
"p,p'-DDD",Strawberries,21,0.0038393185159174624,0.0038393185159174624,0.007678637031834925
"o,p'-DDT",Strawberries,21,0.003791548035820791,0.003791548035820791,0.007583096071641582
Benalaxyl,Strawberries,20,0.0020780759995592023,0.0026741337026266665,0.005348267405253333
Trifloxystrobin (raw),Strawberries,21,0.007078502890767447,0.007078502890767447,0.014157005781534894
Endosulfan sulfate,Strawberries,21,0.009020964735653543,0.010128425581594842,0.020256851163189683
Propiconazole,Strawberries,21,0.003439792121810538,0.003970342263215456,0.007940684526430913
"p,p'-DDT",Strawberries,21,0.004025457875957854,0.004025457875957854,0.008050915751915707
Tebuconazole,Strawberries,20,0.0029295687582379304,0.004018534549879027,0.008037069099758053
Piperonyl butoxide,Strawberries,18,0.00210773840655718,0.00210773840655718,0.00421547681311436
Bioresmethrin,Strawberries,20,0.010232096662016065,0.015732519926322762,0.031465039852645524
Iprodione,Strawberries,21,0.013759018860369369,0.020413478857059585,0.04082695771411917
Phosmet,Strawberries,17,0.0036331635733917057,0.004009128455637373,0.008018256911274746
Bifenthrin,Strawberries,20,0.0017780770070886316,0.0017780770070886316,0.0035561540141772633
Fenoxycarb,Strawberries,21,0.005901556157435519,0.005931763225718505,0.01186352645143701
Tebufenpyrad,Strawberries,20,0.0029703783865197477,0.0032812666307968585,0.006562533261593717
Tetradifon,Strawberries,18,0.0036201155247724366,0.003872283230942041,0.007744566461884082
Phenothrin,Strawberries,21,0.003519593455960233,0.003594116223575892,0.007188232447151784
Azinphos-methyl,Strawberries,19,0.006471102081010395,0.009760435292715409,0.019520870585430818
Pyriproxyfen,Strawberries,19,0.0021339793478716835,0.0023018516487947165,0.004603703297589433
Cyhalothrin,Strawberries,21,0.002683488312590447,0.002683488312590447,0.005366976625180894
Fenarimol,Strawberries,21,0.0035459713335576617,0.004314707563734096,0.008629415127468192
Azinphos-ethyl,Strawberries,21,0.004536642349747647,0.007245231366286403,0.014490462732572805
Bitertanol,Strawberries,21,0.0029831372641076935,0.0029831372641076935,0.005966274528215387
Permethrin,Strawberries,21,0.003258519237176242,0.0037941975929239214,0.007588395185847843
Cyfluthrin,Strawberries,20,0.0032894271465379733,0.0032894271465379733,0.006578854293075947
Cypermethrin,Strawberries,18,0.0025298415785772865,0.0026591112087753924,0.005318222417550785
Boscalid,Strawberries,20,0.0035340021036138806,0.0035340021036138806,0.007068004207227761
Fenvalerate,Strawberries,19,0.0035118901563457425,0.0038386071618855835,0.007677214323771167
Pyraclostrobin,Strawberries,18,0.003637651387784107,0.005272804929579392,0.010545609859158783
tau-Fluvalinate,Strawberries,20,0.0032943429144664375,0.003913614397051595,0.00782722879410319
Difenoconazole,Strawberries,15,9.243907903767406e-4,0.0010666930205077765,0.002133386041015553
Indoxacarb,Strawberries,19,0.0045668544191504856,0.0045668544191504856,0.009133708838300971
Deltamethrin,Strawberries,21,0.003558012866131256,0.00489698275839873,0.00979396551679746
Azoxystrobin,Strawberries,21,0.005027448941276568,0.006936860775232986,0.013873721550465972
Dimethomorph,Strawberries,21,0.00332859711142077,0.0037939328579473016,0.007587865715894603
