"","Compound","Matrix","n","u_ref","av_bias","sd_bias","UoB"
"1","2-Phenylphenol (raw)","Avocado",14,1.7817416127495,98.9095238095238,3.29277137766097,3.74392127590131
"2","2-Phenylphenol (raw)","Carrot",20,1.49071198499986,99.9626666666667,4.05714409968564,4.32234201190006
"3","2-Phenylphenol (raw)","Onion",21,1.45478593490662,105.388571428571,6.17163732745106,6.3407814516816
"4","2-Phenylphenol (raw)","Orange",21,1.45478593490662,105.330793650794,6.42782094619958,6.59039332914237
"5","2-Phenylphenol (raw)","Strawberries",21,1.45478593490662,102.827301587302,7.3977239456957,7.53941122987211
"6","2-Phenylphenol (raw) *","Apple",21,1.45478593490662,95.488253968254,8.21390525734985,8.34174092699609
"7","3,4 Dichloroaniline","Apple",21,1.45478593490662,-16.831746031746,15.0820160610446,15.1520167166622
"8","3,4 Dichloroaniline","Avocado",14,1.7817416127495,-11.7038095238095,17.8964162414075,17.9848913663752
"9","3,4 Dichloroaniline","Carrot",21,1.45478593490662,-1.47936507936508,5.07610257525371,5.28045636956688
"10","3,4 Dichloroaniline","Onion",21,1.45478593490662,0.761904761904766,7.16652624447147,7.31269447803616
"11","3,4 Dichloroaniline","Orange",21,1.45478593490662,2.62349206349207,4.19021697610975,4.43557441863852
"12","3,4 Dichloroaniline","Strawberries",21,1.45478593490662,-3.61333333333333,9.05387234526997,9.17000581029514
"13","Aldrin","Apple",19,1.52943822580375,-0.595087719298242,9.0792681605614,9.20718695465307
"14","Aldrin","Avocado",13,1.8490006540841,-4.89025641025641,13.3148117510467,13.4425821695318
"15","Aldrin","Carrot",20,1.49071198499986,2.58733333333334,9.93721621978864,10.0484072579217
"16","Aldrin","Onion",21,1.45478593490662,3.42476190476191,7.19528152266999,7.34087721644207
"17","Aldrin","Orange",19,1.52943822580375,-1.98947368421052,8.1982938049658,8.33973636268499
"18","Aldrin","Strawberries",21,1.45478593490662,-3.13523809523809,11.0845833165522,11.1796417392504
"19","alpha-BHC","Apple",21,1.45478593490662,-0.847619047619043,5.39527788830784,5.58797151106424
"20","alpha-BHC","Avocado",14,1.7817416127495,2.54952380952381,5.08230832156589,5.38557898930663
"21","alpha-BHC","Carrot",21,1.45478593490662,0.744761904761907,2.84799901908312,3.19804636131194
"22","alpha-BHC","Onion",18,1.57134840263677,-0.38296296296296,2.06869125654058,2.59781048526573
"23","alpha-BHC","Orange",19,1.52943822580375,2.40631578947369,2.2017607697771,2.68084534687832
"24","alpha-BHC","Strawberries",21,1.45478593490662,1.08190476190476,3.43674338282117,3.73197095323198
"25","alpha-Endosulfan","Apple",21,1.45478593490662,-24.0565079365079,16.3223505413824,16.3870537105414
"26","alpha-Endosulfan","Avocado",14,1.7817416127495,-7.30285714285714,34.8328794193746,34.8784187115656
"27","alpha-Endosulfan","Carrot",19,1.52943822580375,-13.9298245614035,11.9774676043989,12.0747220051219
"28","alpha-Endosulfan","Onion",21,1.45478593490662,2.18095238095239,19.6533684176207,19.7071381046344
"29","alpha-Endosulfan","Orange",21,1.45478593490662,-5.14857142857143,20.9991996824066,21.0495318099474
"30","alpha-Endosulfan","Strawberries",16,1.66666666666667,-18.37,5.94742097856678,6.17653576643688
"31","Azinphos-ethyl","Apple",21,1.45478593490662,0.547936507936512,5.95608059756213,6.13117429217749
"32","Azinphos-ethyl","Avocado",14,1.7817416127495,4.95047619047619,19.024209086838,19.1074627974081
"33","Azinphos-ethyl","Carrot",21,1.45478593490662,0.881904761904766,5.17795890411448,5.37844406209645
"34","Azinphos-ethyl","Onion",21,1.45478593490662,-4.31365079365079,4.96732723848348,5.1759773966452
"35","Azinphos-ethyl","Orange",21,1.45478593490662,-6.69714285714285,8.16472318954567,8.29331700095365
"36","Azinphos-ethyl","Strawberries",21,1.45478593490662,-5.07619047619047,8.73508393941189,8.85539911833304
"37","Azinphos-methyl","Apple",19,1.52943822580375,-0.0322807017543823,7.35343818573305,7.51080784190001
"38","Azinphos-methyl","Avocado",14,1.7817416127495,-12.2580952380952,50.6223311034686,50.6536771569825
"39","Azinphos-methyl","Carrot",17,1.61690416690889,-3.1035294117647,5.78701905496117,6.00865780582078
"40","Azinphos-methyl","Onion",17,1.61690416690889,-16.5905882352941,5.67799214258367,5.90372542181707
"41","Azinphos-methyl","Orange",21,1.45478593490662,-17.3720634920635,16.441893864833,16.5061284370029
"42","Azinphos-methyl","Strawberries",19,1.52943822580375,-6.05403508771929,11.8843733677624,11.9823833869114
"43","Azoxystrobin","Apple",18,1.57134840263677,0.567407407407412,2.35845622365482,2.83398157392833
"44","Azoxystrobin","Avocado",14,1.7817416127495,-4.82761904761905,17.4186071758415,17.5094968266047
"45","Azoxystrobin","Carrot",21,1.45478593490662,15.791746031746,18.6624049783708,18.7190213871645
"46","Azoxystrobin","Onion",21,1.45478593490662,2.73142857142858,3.24423943688032,3.55548753903197
"47","Azoxystrobin","Orange",21,1.45478593490662,-6.73460317460317,6.65632518538157,6.81344751869031
"48","Azoxystrobin","Strawberries",21,1.45478593490662,-0.629841269841268,8.56521119128552,8.68787919274462
"49","Benalaxyl","Apple",21,1.45478593490662,-2.43809523809524,5.07322257560097,5.27768788561709
"50","Benalaxyl","Avocado",14,1.7817416127495,-6.93047619047619,8.61284618543251,8.79521020718224
"51","Benalaxyl","Carrot",21,1.45478593490662,0.271746031746037,4.60576349311353,4.83005791589495
"52","Benalaxyl","Onion",20,1.49071198499986,0.706000000000005,4.14452920597518,4.40446870364673
"53","Benalaxyl","Orange",21,1.45478593490662,2.72507936507937,6.58550391382025,6.74427638189183
"54","Benalaxyl","Strawberries",20,1.49071198499986,-0.714666666666662,3.34828198942409,3.66513499109159
"55","beta-BHC","Apple",21,1.45478593490662,-1.02920634920635,3.8431020318895,4.10923780571475
"56","beta-BHC","Avocado",14,1.7817416127495,0.296190476190483,4.93299563243734,5.24490696621485
"57","beta-BHC","Carrot",20,1.49071198499986,1.59666666666667,2.95058998956983,3.30578334268475
"58","beta-BHC","Onion",20,1.49071198499986,0.987333333333336,2.59274913367558,2.99074744711045
"59","beta-BHC","Orange",20,1.49071198499986,1.984,3.60201529036827,3.8982991642855
"60","beta-BHC","Strawberries",20,1.49071198499986,-3.486,3.81825342025468,4.09893661862547
"61","beta-Endosulfan","Apple",17,1.61690416690889,-6.80156862745097,6.33281205285077,6.53596875617527
"62","beta-Endosulfan","Avocado",13,1.8490006540841,-14.2564102564103,10.4274994749051,10.5901628277354
"63","beta-Endosulfan","Carrot",19,1.52943822580375,-1.79438596491228,13.1882718685881,13.2766598271682
"64","beta-Endosulfan","Onion",19,1.52943822580375,-8.64912280701754,12.3353184009162,12.4297731812987
"65","beta-Endosulfan","Orange",21,1.45478593490662,-11.8844444444444,14.8442385880603,14.9153552212363
"66","beta-Endosulfan","Strawberries",21,1.45478593490662,-5.28698412698412,21.7175601736056,21.7662312312118
"67","Bifenthrin","Apple",18,1.57134840263677,-3.73925925925926,2.65369875194712,3.08403191756422
"68","Bifenthrin","Avocado",14,1.7817416127495,-1.88666666666666,7.39374048033864,7.60539291984323
"69","Bifenthrin","Carrot",21,1.45478593490662,0.31555555555556,4.76091183298761,4.97822092698623
"70","Bifenthrin","Onion",20,1.49071198499986,0.785333333333337,2.81344441453607,3.18397419837323
"71","Bifenthrin","Orange",21,1.45478593490662,0.223492063492069,5.49468414582985,5.68400879475357
"72","Bifenthrin","Strawberries",20,1.49071198499986,-0.306666666666662,2.27364868934783,2.71876821093585
"73","Bioresmethrin","Apple",19,1.52943822580375,-5.55508771929824,4.13573218448129,4.40947411697859
"74","Bioresmethrin","Carrot",21,1.45478593490662,1.62857142857143,5.47438688311593,5.66438998149261
"75","Bioresmethrin","Onion",19,1.52943822580375,3.39508771929825,6.57388354774294,6.74945376944201
"76","Bioresmethrin","Orange",21,1.45478593490662,2.15174603174603,6.84686267319628,6.99970932125118
"77","Bioresmethrin","Strawberries",20,1.49071198499986,-3.59133333333333,19.0866014178588,19.1447271045171
"78","Bitertanol","Apple",21,1.45478593490662,1.60190476190477,4.87670797105185,5.08907484237781
"79","Bitertanol","Avocado",14,1.7817416127495,-2.33904761904761,14.9559971922521,15.0617547181348
"80","Bitertanol","Carrot",20,1.49071198499986,4.26933333333334,4.42073286507198,4.66530827347451
"81","Bitertanol","Onion",21,1.45478593490662,0.752380952380954,3.2213939603251,3.53465432030081
"82","Bitertanol","Orange",21,1.45478593490662,2.72317460317461,4.87147507619504,5.08406053606677
"83","Bitertanol","Strawberries",21,1.45478593490662,0.994920634920637,3.79753481719795,4.06665376006279
"84","Boscalid","Apple",21,1.45478593490662,0.603174603174609,4.38847765001214,4.62332544831728
"85","Boscalid","Avocado",14,1.7817416127495,-3.16666666666666,11.1164278219834,11.2583111831203
"86","Boscalid","Carrot",21,1.45478593490662,2.13460317460318,4.66173244813443,4.88345692459671
"87","Boscalid","Onion",17,1.61690416690889,0.527058823529414,2.36554488741581,2.86534146295802
"88","Boscalid","Orange",21,1.45478593490662,-5.38920634920635,5.95629805842913,6.13138554302767
"89","Boscalid","Strawberries",20,1.49071198499986,-3.728,4.57369319846491,4.81049807150013
"90","Bromophos-ethyl","Apple",21,1.45478593490662,-0.827301587301585,4.6229427399352,4.84644216855228
"91","Bromophos-ethyl","Avocado",14,1.7817416127495,5.62380952380953,12.7089240371933,12.8332129008192
"92","Bromophos-ethyl","Carrot",21,1.45478593490662,4.57142857142858,3.89893497871585,4.16150166221955
"93","Bromophos-ethyl","Onion",21,1.45478593490662,-0.206984126984124,4.7942736565803,5.01013592735586
"94","Bromophos-ethyl","Orange",20,1.49071198499986,-3.10266666666667,5.46947655641466,5.66898544921327
"95","Bromophos-ethyl","Strawberries",20,1.49071198499986,-1.22,7.48397305123281,7.63099435550841
"96","Buprofezin","Apple",21,1.45478593490662,-0.0565079365079313,5.87139794788548,6.04894337705652
"97","Buprofezin","Avocado",14,1.7817416127495,-5.35523809523809,8.62300260179561,8.80515627602242
"98","Buprofezin","Carrot",21,1.45478593490662,4.06730158730159,7.04435405279746,7.19300536198647
"99","Buprofezin","Onion",21,1.45478593490662,2.49142857142857,4.68454913891621,4.90524237437079
"100","Buprofezin","Orange",21,1.45478593490662,3.47746031746032,9.12524568343608,9.24048217894883
"101","Buprofezin","Strawberries",20,1.49071198499986,4.47733333333334,5.56908526090909,5.76514812173088
"102","Captan (raw)","Apple",21,1.45478593490662,-6.37142857142857,14.7490542284894,14.8206276098998
"103","Captan (raw)","Carrot",21,1.45478593490662,-4.3047619047619,12.4405782543091,12.525349872079
"104","Captan (raw)","Onion",21,1.45478593490662,-100,0,1.45478593490662
"105","Captan (raw)","Orange",20,1.49071198499986,6.77333333333334,8.46103694583769,8.59135428329275
"106","Captan (raw)","Strawberries",21,1.45478593490662,-5.22603174603174,15.025079168549,15.0953438562216
"107","Chlordane-cis","Apple",21,1.45478593490662,-1.32825396825396,5.89988847531579,6.076601528615
"108","Chlordane-cis","Avocado",11,2.01007563051842,-11.1078787878788,7.83391249954358,8.08768131734362
"109","Chlordane-cis","Carrot",19,1.52943822580375,1.54526315789474,5.29992107043365,5.51618932229272
"110","Chlordane-cis","Onion",18,1.57134840263677,3.80370370370371,3.42758911992353,3.77061042504888
"111","Chlordane-cis","Orange",21,1.45478593490662,-0.847619047619042,8.96029421285665,9.0776249370281
"112","Chlordane-cis","Strawberries",21,1.45478593490662,5.10158730158731,7.27634520736335,7.42035051012563
"113","Chlordane-trans","Apple",20,1.49071198499986,1.398,4.71678208277362,4.94674190135249
"114","Chlordane-trans","Avocado",12,1.92450089729875,7.67888888888889,7.0470590374596,7.30511771165563
"115","Chlordane-trans","Carrot",21,1.45478593490662,4.48126984126985,7.9952362536277,8.126512466472
"116","Chlordane-trans","Onion",21,1.45478593490662,3.92,4.66559987806737,4.88714889671108
"117","Chlordane-trans","Orange",21,1.45478593490662,3.74603174603175,7.12266925769387,7.26971935296676
"118","Chlordane-trans","Strawberries",20,1.49071198499986,3.37,9.38589497924431,9.50353864534815
"119","Chlorfenapyr","Apple",21,1.45478593490662,-3.43301587301587,13.9385442371051,14.0142576530524
"120","Chlorfenapyr","Avocado",14,1.7817416127495,-3.68761904761904,19.9138237185021,19.9933733588451
"121","Chlorfenapyr","Carrot",21,1.45478593490662,0.8552380952381,13.6273152394344,13.7047481827038
"122","Chlorfenapyr","Onion",21,1.45478593490662,0.404444444444447,11.7948428152747,11.8842214365704
"123","Chlorfenapyr","Orange",21,1.45478593490662,0.124444444444448,14.1109951351315,14.1857881635144
"124","Chlorfenapyr","Strawberries",21,1.45478593490662,-0.34412698412698,10.8368971525146,10.9341091091402
"125","Chlorothalonil","Apple",16,1.66666666666667,5.38583333333334,7.93905745874996,8.11211508246222
"126","Chlorothalonil","Avocado",14,1.7817416127495,-12.5809523809524,40.1038746008108,40.1434348452167
"127","Chlorothalonil","Carrot",21,1.45478593490662,-4.27174603174603,13.5284782596257,13.6064736848886
"128","Chlorothalonil","Onion",21,1.45478593490662,-100,0,1.45478593490662
"129","Chlorothalonil","Orange",21,1.45478593490662,-7.98031746031746,20.8149081697807,20.8656848493598
"130","Chlorothalonil","Strawberries",21,1.45478593490662,-1.43619047619047,13.6380677307517,13.7154399690631
"131","Chlorpyrifos","Apple",21,1.45478593490662,3.17904761904762,6.69001587299704,6.84636505726612
"132","Chlorpyrifos","Avocado",14,1.7817416127495,3.49333333333334,7.30875882455807,7.52280258481895
"133","Chlorpyrifos","Carrot",16,1.66666666666667,2.51833333333334,2.47061006111326,2.98021674578408
"134","Chlorpyrifos","Onion",21,1.45478593490662,0.081269841269845,4.63230569853244,4.85537415664933
"135","Chlorpyrifos","Orange",21,1.45478593490662,1.97269841269842,6.7339570353914,6.88930907064703
"136","Chlorpyrifos","Strawberries",19,1.52943822580375,0.253333333333338,4.24625673932892,4.51330007675603
"137","Chlorpyrifos-methyl","Apple",21,1.45478593490662,2.13587301587302,7.08659155688967,7.23437502556938
"138","Chlorpyrifos-methyl","Avocado",14,1.7817416127495,1.72476190476191,7.74975022638979,7.9519325793188
"139","Chlorpyrifos-methyl","Carrot",19,1.52943822580375,-1.57122807017544,3.55143445380344,3.86676453462217
"140","Chlorpyrifos-methyl","Onion",19,1.52943822580375,-0.329122807017539,3.15336403596855,3.50469485546025
"141","Chlorpyrifos-methyl","Orange",20,1.49071198499986,-0.675333333333332,4.22457588445382,4.47987317071935
"142","Chlorpyrifos-methyl","Strawberries",21,1.45478593490662,-2.23301587301587,5.92811848591682,6.10401432661088
"143","Chlorthal-dimethyl","Apple",21,1.45478593490662,0.370793650793655,6.69420528058592,6.85045884996228
"144","Chlorthal-dimethyl","Avocado",13,1.8490006540841,-0.766153846153841,6.37172368186684,6.6345810792292
"145","Chlorthal-dimethyl","Carrot",18,1.57134840263677,1.74,3.06655157499291,3.44570375461394
"146","Chlorthal-dimethyl","Onion",21,1.45478593490662,1.70285714285715,5.87893435975851,6.05625885532903
"147","Chlorthal-dimethyl","Orange",20,1.49071198499986,0.0153333333333357,4.25141853175664,4.50519497407004
"148","Chlorthal-dimethyl","Strawberries",17,1.61690416690889,-0.66039215686274,2.86441429982567,3.28926258696582
"149","Cyfluthrin","Apple",21,1.45478593490662,-0.727619047619043,4.39040685824815,4.62515669976213
"150","Cyfluthrin","Avocado",14,1.7817416127495,-8.55904761904761,10.4937920132844,10.6439782972662
"151","Cyfluthrin","Carrot",21,1.45478593490662,2.3936507936508,4.65897770197639,4.88082732166539
"152","Cyfluthrin","Onion",19,1.52943822580375,1.50736842105264,2.56647512006455,2.98763716479429
"153","Cyfluthrin","Orange",18,1.57134840263677,1.10666666666667,3.16495185768092,3.53356138533167
"154","Cyfluthrin","Strawberries",20,1.49071198499986,-1.86733333333333,4.35712760149075,4.6050823182539
"155","Cyhalothrin","Apple",21,1.45478593490662,-3.23047619047619,5.55940227459695,5.74659514557932
"156","Cyhalothrin","Avocado",14,1.7817416127495,-5.64285714285714,13.1741058411212,13.2940463323876
"157","Cyhalothrin","Carrot",21,1.45478593490662,0.266666666666669,4.37406904380806,4.60965097555142
"158","Cyhalothrin","Onion",15,1.72132593164774,-1.46577777777778,2.11337369146783,2.72567630557103
"159","Cyhalothrin","Orange",20,1.49071198499986,-0.52933333333333,5.23315404766091,5.4413347175828
"160","Cyhalothrin","Strawberries",21,1.45478593490662,-0.664761904761901,3.50453239414152,3.79448934877796
"161","Cypermethrin","Apple",21,1.45478593490662,0.808888888888893,3.54384181571565,3.83082457588662
"162","Cypermethrin","Avocado",14,1.7817416127495,-4.89714285714286,10.0165148123771,10.1737491693658
"163","Cypermethrin","Carrot",13,1.8490006540841,1.70153846153847,1.16240540466153,2.18403061873907
"164","Cypermethrin","Onion",20,1.49071198499986,1.36,3.68039916472329,3.97083873179435
"165","Cypermethrin","Orange",21,1.45478593490662,4.42412698412699,6.46256724914608,6.6242869477505
"166","Cypermethrin","Strawberries",18,1.57134840263677,-1.79037037037037,3.49566994315664,3.83260279104917
"167","Cyproconazole","Apple",20,1.49071198499986,-3.732,3.30489737611725,3.62554394386399
"168","Cyproconazole","Avocado",14,1.7817416127495,-1.0847619047619,4.36406963568454,4.71377841648363
"169","Cyproconazole","Carrot",21,1.45478593490662,-0.119365079365076,4.11565353512222,4.36520402015371
"170","Cyproconazole","Onion",21,1.45478593490662,-0.645714285714281,4.4855809908413,4.71559529028933
"171","Cyproconazole","Orange",20,1.49071198499986,0.495333333333337,3.88073249250223,4.15719940592038
"172","Cyproconazole","Strawberries",21,1.45478593490662,-0.730158730158725,5.01622594699668,5.22292301950975
"173","Cyprodinil","Apple",21,1.45478593490662,-1.02603174603174,5.2838714362196,5.48048350703653
"174","Cyprodinil","Avocado",14,1.7817416127495,0.555238095238102,5.90629415308031,6.16919069224755
"175","Cyprodinil","Carrot",21,1.45478593490662,0.420952380952384,6.095650283682,6.26684565769371
"176","Cyprodinil","Onion",21,1.45478593490662,1.56063492063492,5.22423663951093,5.42301120983634
"177","Cyprodinil","Orange",21,1.45478593490662,4.60888888888889,3.84078772784573,4.10707346985326
"178","Cyprodinil","Strawberries",21,1.45478593490662,2.25142857142858,5.16592990138579,5.36686443488504
"179","delta-BHC","Apple",21,1.45478593490662,-3.54095238095238,4.22992213519839,4.47310221057415
"180","delta-BHC","Avocado",14,1.7817416127495,-6.87333333333333,8.77821039721524,8.95720832360066
"181","delta-BHC","Carrot",15,1.72132593164774,2.85866666666667,2.31664124686294,2.88613749319564
"182","delta-BHC","Onion",15,1.72132593164774,1.02488888888889,1.68274806735918,2.40719837594744
"183","delta-BHC","Orange",21,1.45478593490662,2.6368253968254,7.64497209327008,7.78215911063764
"184","delta-BHC","Strawberries",20,1.49071198499986,-1.16066666666666,5.59630533926557,5.79144676851256
"185","Deltamethrin","Apple",21,1.45478593490662,0.689523809523814,4.31741927618215,4.55593144403549
"186","Deltamethrin","Avocado",14,1.7817416127495,-1.76857142857142,13.5078847322203,13.6248872697558
"187","Deltamethrin","Carrot",20,1.49071198499986,0.607333333333338,3.68119857165796,3.97157967894374
"188","Deltamethrin","Onion",21,1.45478593490662,-1.94920634920635,5.31469345878448,5.51020586523304
"189","Deltamethrin","Orange",20,1.49071198499986,-6.72933333333333,4.73388205368972,4.96304961898104
"190","Deltamethrin","Strawberries",21,1.45478593490662,-4.06730158730158,6.04930038370349,6.22177123082143
"191","Diazinon","Apple",21,1.45478593490662,2.02603174603175,6.10411660903685,6.27508101088119
"192","Diazinon","Avocado",14,1.7817416127495,1.5152380952381,5.46577005065546,5.74884731239624
"193","Diazinon","Carrot",21,1.45478593490662,-1.13587301587301,3.36563712059296,3.66659451588465
"194","Diazinon","Onion",21,1.45478593490662,0.536507936507941,4.57945732789262,4.8049798682608
"195","Diazinon","Orange",21,1.45478593490662,0.569523809523813,5.20886960286803,5.40820900632406
"196","Diazinon","Strawberries",21,1.45478593490662,-0.980952380952376,5.14166349463513,5.34351060712577
"197","Dichlorvos","Apple",21,1.45478593490662,1.18285714285715,4.0878272258709,4.33897839876779
"198","Dichlorvos","Avocado",14,1.7817416127495,-2.25428571428571,6.35810962453134,6.6030418120864
"199","Dichlorvos","Carrot",21,1.45478593490662,1.24698412698413,2.95849096383085,3.29682739910219
"200","Dichlorvos","Onion",21,1.45478593490662,1.58857142857143,2.72772525730966,3.09142154934703
"201","Dichlorvos","Orange",21,1.45478593490662,3.22666666666667,2.60866930743541,2.98689766680375
"202","Dichlorvos","Strawberries",21,1.45478593490662,1.11492063492064,2.25053663206692,2.6797979865425
"203","Dicloran","Apple",21,1.45478593490662,-1.08380952380952,5.79782509851892,5.97755618872947
"204","Dicloran","Avocado",14,1.7817416127495,-0.249523809523803,6.41261881743178,6.65554530239884
"205","Dicloran","Carrot",21,1.45478593490662,-2.75809523809524,2.84128073066992,3.19206489703425
"206","Dicloran","Onion",21,1.45478593490662,1.59111111111111,5.29129655748563,5.48764260640773
"207","Dicloran","Orange",21,1.45478593490662,-0.902857142857141,5.12857813148963,5.33092072415223
"208","Dicloran","Strawberries",21,1.45478593490662,-3.37968253968254,9.31986420411096,9.43272340840496
"209","Dicofol (raw)","Apple",21,1.45478593490662,-5.08126984126984,4.81798280475121,5.03282827277868
"210","Dicofol (raw)","Avocado",14,1.7817416127495,-14.327619047619,23.9452142294297,24.0114116133952
"211","Dicofol (raw)","Carrot",21,1.45478593490662,-0.0177777777777707,4.6380289555578,4.86083477491209
"212","Dicofol (raw)","Onion",21,1.45478593490662,-0.0799999999999962,5.39827462147758,5.59086496038771
"213","Dicofol (raw)","Orange",21,1.45478593490662,-0.319365079365075,3.39102469256838,3.68991200193319
"214","Dicofol (raw)","Strawberries",19,1.52943822580375,-2.50175438596491,4.31850273670627,4.58133683257292
"215","Dieldrin (raw)","Apple",21,1.45478593490662,6.05460317460318,11.7623247171349,11.8519485683884
"216","Dieldrin (raw)","Avocado",14,1.7817416127495,11.0438095238095,20.3616031666587,20.4394101355956
"217","Dieldrin (raw)","Carrot",21,1.45478593490662,9.34095238095239,17.0805904511153,17.1424319241796
"218","Dieldrin (raw)","Onion",19,1.52943822580375,10.0035087719298,5.97931552646641,6.17182270092004
"219","Dieldrin (raw)","Orange",21,1.45478593490662,1.53968253968254,13.7451597098664,13.8219324830552
"220","Dieldrin (raw)","Strawberries",21,1.45478593490662,5.22222222222223,13.4665262918976,13.544878459653
"221","Difenoconazole","Apple",21,1.45478593490662,1.81269841269842,3.56550754047219,3.85087602209759
"222","Difenoconazole","Avocado",14,1.7817416127495,-3.22952380952381,8.50417643571774,8.68882155556322
"223","Difenoconazole","Carrot",21,1.45478593490662,1.21142857142858,3.07877691650228,3.40518272901608
"224","Difenoconazole","Onion",21,1.45478593490662,0.949841269841275,3.16494382540819,3.4832845899225
"225","Difenoconazole","Orange",21,1.45478593490662,-1.74920634920635,4.75673579776462,4.97422733358032
"226","Difenoconazole","Strawberries",15,1.72132593164774,-2.44888888888888,1.37072953966108,2.20042323971149
"227","Dimethoate (raw)","Apple",21,1.45478593490662,2.19301587301588,9.02652448834125,9.14300532948693
"228","Dimethoate (raw)","Avocado",14,1.7817416127495,-12.0819047619048,11.3010107493111,11.4406051907514
"229","Dimethoate (raw)","Carrot",20,1.49071198499986,0.384666666666671,3.88992226203537,4.16577933007746
"230","Dimethoate (raw)","Onion",21,1.45478593490662,-2.9968253968254,6.03348273076453,6.20639315374364
"231","Dimethoate (raw)","Orange",21,1.45478593490662,-4.58349206349206,8.64532233678296,8.76686947680188
"232","Dimethoate (raw)","Strawberries",21,1.45478593490662,-3.79174603174603,5.71556545458177,5.89780387788629
"233","Dimethomorph","Apple",17,1.61690416690889,1.01254901960785,2.52789535027872,3.00077223176437
"234","Dimethomorph","Avocado",14,1.7817416127495,-11.2247619047619,15.8997843190385,15.9993045025884
"235","Dimethomorph","Carrot",20,1.49071198499986,1.75866666666667,3.78269349253671,4.06583229864462
"236","Dimethomorph","Onion",21,1.45478593490662,0.496507936507941,3.63822888477202,3.91830467605463
"237","Dimethomorph","Orange",21,1.45478593490662,-4.36825396825397,6.22741819332036,6.39508713552048
"238","Dimethomorph","Strawberries",21,1.45478593490662,-1.26920634920635,4.88073149171104,5.09293059157319
"239","Diphenylamine","Apple",18,1.57134840263677,-2.68296296296296,3.21807170144976,3.58121784846173
"240","Diphenylamine","Avocado",14,1.7817416127495,-0.852380952380951,3.78560282739602,4.18394454329786
"241","Diphenylamine","Carrot",21,1.45478593490662,-0.938412698412695,3.08484316529988,3.41066847859763
"242","Diphenylamine","Onion",21,1.45478593490662,-0.484444444444441,4.48794599558186,4.71784499275478
"243","Diphenylamine","Orange",21,1.45478593490662,3.96063492063492,4.81967721591483,5.03445037536478
"244","Diphenylamine","Strawberries",20,1.49071198499986,0.812000000000003,5.12432364956558,5.33675136086733
"245","Disulfoton (raw)","Apple",21,1.45478593490662,-0.879365079365077,6.74566722002993,6.90075563686966
"246","Disulfoton (raw)","Avocado",14,1.7817416127495,4.90857142857143,10.8813169855794,11.026226122988
"247","Disulfoton (raw)","Carrot",18,1.57134840263677,2.79259259259259,3.8499523052059,4.1582771137611
"248","Disulfoton (raw)","Onion",21,1.45478593490662,0.467936507936513,5.54971855904928,5.73722739666628
"249","Disulfoton (raw)","Orange",21,1.45478593490662,4.94412698412699,8.16418043139678,8.29278265920458
"250","Disulfoton (raw)","Strawberries",21,1.45478593490662,-0.245714285714283,6.32035381770296,6.48562059461965
"251","Endosulfan sulfate","Apple",19,1.52943822580375,6.59157894736843,9.30068916658112,9.4256034427462
"252","Endosulfan sulfate","Avocado",14,1.7817416127495,-4.65523809523809,16.7555560737524,16.8500226265505
"253","Endosulfan sulfate","Carrot",18,1.57134840263677,5.41925925925926,8.27528611005931,8.42315237935357
"254","Endosulfan sulfate","Onion",20,1.49071198499986,-6.81666666666666,11.9443738988805,12.0370382594091
"255","Endosulfan sulfate","Orange",21,1.45478593490662,2.8984126984127,24.9765050401605,25.0188370260803
"256","Endosulfan sulfate","Strawberries",21,1.45478593490662,-2.12825396825397,13.0790991712837,13.1597582519086
"257","Endrin","Apple",19,1.52943822580375,-1.71228070175438,5.06445627376996,5.29035902708668
"258","Endrin","Avocado",14,1.7817416127495,-0.3047619047619,16.3628370742496,16.4595577186339
"259","Endrin","Carrot",21,1.45478593490662,-0.985396825396821,10.0976432055643,10.2019018042363
"260","Endrin","Onion",20,1.49071198499986,-2.734,6.61025037789641,6.77625503362306
"261","Endrin","Orange",21,1.45478593490662,7.02158730158731,15.175159512947,15.2447324791152
"262","Endrin","Strawberries",21,1.45478593490662,-4.6895238095238,11.9897016127135,12.077638298869
"263","Ethoprophos","Apple",21,1.45478593490662,0.760634920634924,3.63607963777956,3.91630913599492
"264","Ethoprophos","Avocado",14,1.7817416127495,1.48476190476191,2.87666286783649,3.38375419169189
"265","Ethoprophos","Carrot",21,1.45478593490662,0.280634920634924,2.19697357973484,2.63497533697282
"266","Ethoprophos","Onion",17,1.61690416690889,-0.226666666666664,1.9639812173802,2.54393421832986
"267","Ethoprophos","Orange",21,1.45478593490662,0.934603174603177,3.58594268966265,3.86980452864833
"268","Ethoprophos","Strawberries",20,1.49071198499986,0.0886666666666684,3.14666748438883,3.48191592080167
"269","Fenamiphos (raw)","Apple",21,1.45478593490662,-1.06285714285714,6.8548923555625,7.00756386504977
"270","Fenamiphos (raw)","Avocado",13,1.8490006540841,-0.175384615384611,11.7692969627396,11.9136541168507
"271","Fenamiphos (raw)","Carrot",18,1.57134840263677,-0.246666666666664,5.66135437270388,5.87537821214962
"272","Fenamiphos (raw)","Onion",21,1.45478593490662,2.29396825396826,4.90039359179417,5.11177654743431
"273","Fenamiphos (raw)","Orange",21,1.45478593490662,0.172063492063496,7.88068232213645,8.01383528523241
"274","Fenamiphos (raw)","Strawberries",21,1.45478593490662,-0.312380952380949,9.33719307946315,9.44984532781234
"275","Fenarimol","Apple",20,1.49071198499986,-0.181999999999996,3.58709910652047,3.8845208484731
"276","Fenarimol","Avocado",13,1.8490006540841,-4.89333333333333,4.48021824865213,4.84676788946603
"277","Fenarimol","Carrot",21,1.45478593490662,3.46539682539683,3.00785905332283,3.34120011388995
"278","Fenarimol","Onion",21,1.45478593490662,2.00952380952381,3.99298750390597,4.24974720692318
"279","Fenarimol","Orange",21,1.45478593490662,0.581587301587305,4.91415818709885,5.12497344424659
"280","Fenarimol","Strawberries",21,1.45478593490662,3.29396825396826,5.46566897593491,5.65596494604585
"281","Fenitrothion","Apple",19,1.52943822580375,3.19087719298246,5.28992903428621,5.50658973179717
"282","Fenitrothion","Avocado",13,1.8490006540841,0.791794871794875,5.77313969000767,6.06200835525202
"283","Fenitrothion","Carrot",21,1.45478593490662,-0.317460317460313,4.73015972302109,4.94881936644419
"284","Fenitrothion","Onion",20,1.49071198499986,-1.46,6.10990567590213,6.28913106801276
"285","Fenitrothion","Orange",19,1.52943822580375,-6.95649122807017,4.72574214874238,4.96707359951007
"286","Fenitrothion","Strawberries",21,1.45478593490662,-4.44126984126984,6.45879920695536,6.62061094704781
"287","Fenoxycarb","Apple",21,1.45478593490662,-1.5663492063492,5.27954816088165,5.47631544922961
"288","Fenoxycarb","Avocado",14,1.7817416127495,-1.87523809523809,7.15883886329158,7.37723369869608
"289","Fenoxycarb","Carrot",18,1.57134840263677,-0.60444444444444,5.46028704744749,5.68188968944241
"290","Fenoxycarb","Onion",21,1.45478593490662,1.7136507936508,5.09973876289124,5.30318183415745
"291","Fenoxycarb","Orange",21,1.45478593490662,2.65333333333334,5.31550185777411,5.51098558484797
"292","Fenoxycarb","Strawberries",21,1.45478593490662,-3.66666666666666,7.89695637571843,8.029839482605
"293","Fenthion (raw)","Apple",21,1.45478593490662,0.817142857142863,4.39380805297059,4.6283853904738
"294","Fenthion (raw)","Avocado",14,1.7817416127495,2.02666666666667,74.5612862586678,74.5825717692921
"295","Fenthion (raw)","Carrot",14,1.7817416127495,-1.88380952380952,1.8060065295728,2.53697906169183
"296","Fenthion (raw)","Onion",21,1.45478593490662,-0.113650793650788,5.31734874462431,5.51276698114112
"297","Fenthion (raw)","Orange",21,1.45478593490662,-2.34984126984127,4.52185783797747,4.75011583261718
"298","Fenthion (raw)","Strawberries",21,1.45478593490662,-2.94031746031746,5.02350850222807,5.2299177611469
"299","Fenthion-oxon","Apple",18,1.57134840263677,2.33925925925927,3.34142773201934,3.69246192814185
"300","Fenthion-oxon","Avocado",14,1.7817416127495,-29.3457142857143,10.044541437936,10.2013438268208
"301","Fenthion-oxon","Carrot",21,1.45478593490662,2.61460317460318,5.79229818870527,5.97219561160554
"302","Fenthion-oxon","Onion",17,1.61690416690889,-3.70117647058823,3.41831686595588,3.78143746226825
"303","Fenthion-oxon","Orange",16,1.66666666666667,-4.245,3.27920451058214,3.67844532377471
"304","Fenthion-oxon","Strawberries",20,1.49071198499986,-1.508,4.86599255124501,5.08921464776189
"305","Fenthion-oxon-sulfone","Apple",18,1.57134840263677,-5.00074074074074,14.8171125037383,14.9001999567425
"306","Fenthion-oxon-sulfone","Avocado",3,3.84900179459751,-97.9333333333333,1.88557094212278,4.28604626580169
"307","Fenthion-oxon-sulfone","Carrot",18,1.57134840263677,1.09703703703704,20.605915924719,20.6657423505437
"308","Fenthion-oxon-sulfone","Onion",21,1.45478593490662,-25.3473015873016,52.0662155296188,52.0865357044709
"309","Fenthion-oxon-sulfone","Orange",21,1.45478593490662,-31.5136507936508,22.3747781095084,22.4220226020343
"310","Fenthion-oxon-sulfone","Strawberries",17,1.61690416690889,-22.8713725490196,24.0690889552815,24.123337708995
"311","Fenvalerate","Apple",20,1.49071198499986,-0.0179999999999949,4.72254916790443,4.95224119621582
"312","Fenvalerate","Avocado",14,1.7817416127495,7.28857142857143,12.3275474796095,12.4556424979457
"313","Fenvalerate","Carrot",21,1.45478593490662,4.61968253968254,7.02805124758097,7.17704022944183
"314","Fenvalerate","Onion",21,1.45478593490662,0.797460317460319,5.59615204153333,5.78215528919449
"315","Fenvalerate","Orange",21,1.45478593490662,-4.04253968253968,8.81070219832184,8.92999861948004
"316","Fenvalerate","Strawberries",19,1.52943822580375,-6.45614035087719,4.99303332718376,5.22202672273108
"317","Fipronil (raw)","Apple",21,1.45478593490662,4.17714285714286,11.3714192550014,11.4640995280666
"318","Fipronil (raw)","Avocado",13,1.8490006540841,-5.35692307692307,6.87511918570608,7.11941480997331
"319","Fipronil (raw)","Carrot",21,1.45478593490662,1.27238095238096,5.59274382499892,5.77885677348605
"320","Fipronil (raw)","Onion",20,1.49071198499986,2.94933333333334,5.5290486052785,5.72648240211689
"321","Fipronil (raw)","Orange",21,1.45478593490662,-0.314920634920632,9.30336949826051,9.41642639951941
"322","Fipronil (raw)","Strawberries",21,1.45478593490662,-0.311746031746029,8.79788103396669,8.91734897849315
"323","Fipronil-sulfide","Apple",21,1.45478593490662,2.68698412698413,5.32808177956527,5.52312027445877
"324","Fipronil-sulfide","Avocado",14,1.7817416127495,0.50476190476191,4.5495272064466,4.88598004261182
"325","Fipronil-sulfide","Carrot",21,1.45478593490662,-0.631746031746027,3.50822139473799,3.79789671672354
"326","Fipronil-sulfide","Onion",21,1.45478593490662,3.81904761904762,3.67366500965651,3.95122977306771
"327","Fipronil-sulfide","Orange",21,1.45478593490662,-1.21587301587301,4.79178856711747,5.00775796024127
"328","Fipronil-sulfide","Strawberries",21,1.45478593490662,2.84190476190477,3.56463440098679,3.8500676005884
"329","Fipronil-sulfone","Apple",21,1.45478593490662,0.996825396825401,4.75827962330347,4.97570367786779
"330","Fipronil-sulfone","Avocado",14,1.7817416127495,5.09142857142857,7.39746476718105,7.60901361257083
"331","Fipronil-sulfone","Carrot",21,1.45478593490662,3.73142857142858,6.14627805816284,6.31610133584445
"332","Fipronil-sulfone","Onion",20,1.49071198499986,0.534000000000003,3.72978898169229,4.01665881923962
"333","Fipronil-sulfone","Orange",21,1.45478593490662,-2.51619047619047,5.44878072861915,5.63964657979324
"334","Fipronil-sulfone","Strawberries",21,1.45478593490662,0.807619047619051,5.12362817876997,5.32615882514668
"335","Fipronyl-desulfonyl","Apple",21,1.45478593490662,0.975238095238099,7.25849973566841,7.40285218879187
"336","Fipronyl-desulfonyl","Avocado",14,1.7817416127495,-0.339047619047614,6.59998593997096,6.83625757139223
"337","Fipronyl-desulfonyl","Carrot",21,1.45478593490662,-1.13714285714285,5.25465151458044,5.45231736567899
"338","Fipronyl-desulfonyl","Onion",21,1.45478593490662,1.96317460317461,4.80503792055686,5.02043738476953
"339","Fipronyl-desulfonyl","Orange",21,1.45478593490662,-0.860952380952378,5.61690238307133,5.80224047221024
"340","Fipronyl-desulfonyl","Strawberries",21,1.45478593490662,3.3968253968254,4.68338510958218,4.90413072838176
"341","Fludioxonil","Apple",19,1.52943822580375,0.750175438596493,5.6858912972422,5.88799975633528
"342","Fludioxonil","Avocado",10,2.10818510677892,-1.38266666666666,1.51683946919529,2.59716122328843
"343","Fludioxonil","Carrot",21,1.45478593490662,-0.297142857142855,10.5005313244254,10.6008282795091
"344","Fludioxonil","Onion",21,1.45478593490662,-0.288253968253963,6.4693567960422,6.63091090808039
"345","Fludioxonil","Orange",20,1.49071198499986,1.184,5.37847318494474,5.58123606590797
"346","Fludioxonil","Strawberries",21,1.45478593490662,-4.35492063492063,8.65739450277735,8.77877449836375
"347","Flusilazole","Apple",21,1.45478593490662,-1.68888888888888,5.43288641652067,5.62429168262253
"348","Flusilazole","Avocado",10,2.10818510677892,-7.62933333333333,1.55935789254329,2.62222071563045
"349","Flusilazole","Carrot",21,1.45478593490662,3.90730158730159,5.2539195547544,5.45161194549216
"350","Flusilazole","Onion",21,1.45478593490662,2.14349206349207,4.52161997471782,4.74988939999336
"351","Flusilazole","Orange",21,1.45478593490662,2.98603174603175,6.31462144717829,6.48003442410348
"352","Flusilazole","Strawberries",21,1.45478593490662,1.30603174603175,7.26597363813364,7.41018049891196
"353","Heptachlor (raw)","Apple",20,1.49071198499986,0.592000000000005,5.46410962875817,5.66380757594305
"354","Heptachlor (raw)","Avocado",14,1.7817416127495,-0.0742857142857111,10.2959047064381,10.4489356825782
"355","Heptachlor (raw)","Carrot",21,1.45478593490662,-0.219047619047617,5.49277759555998,5.68216576937771
"356","Heptachlor (raw)","Onion",21,1.45478593490662,1.54603174603175,3.91644845052357,4.17791462119687
"357","Heptachlor (raw)","Orange",21,1.45478593490662,-1.90412698412698,3.98595449390899,4.24313979782841
"358","Heptachlor (raw)","Strawberries",20,1.49071198499986,-4.374,4.14462628201191,4.4045600506482
"359","Heptachlor-endo-epoxide","Apple",21,1.45478593490662,-7.1879365079365,9.41314060686741,9.52489465564098
"360","Heptachlor-endo-epoxide","Avocado",14,1.7817416127495,-9.6247619047619,28.3797509886586,28.4356267620897
"361","Heptachlor-endo-epoxide","Carrot",20,1.49071198499986,6.28800000000001,29.4535315330111,29.4912316119267
"362","Heptachlor-endo-epoxide","Onion",21,1.45478593490662,-2.40888888888889,17.2783406267736,17.3394768355685
"363","Heptachlor-endo-epoxide","Orange",21,1.45478593490662,-8.95301587301587,28.3931089038787,28.4303541192141
"364","Heptachlor-endo-epoxide","Strawberries",20,1.49071198499986,-16.8706666666667,21.5319395996732,21.5834808394336
"365","Heptachlor-exo-epoxide","Apple",21,1.45478593490662,1.02031746031746,8.69752518470768,8.81835281983129
"366","Heptachlor-exo-epoxide","Avocado",14,1.7817416127495,-7.71238095238095,11.7264883463776,11.8610763471252
"367","Heptachlor-exo-epoxide","Carrot",21,1.45478593490662,1.15047619047619,6.03343741030989,6.20634909592822
"368","Heptachlor-exo-epoxide","Onion",19,1.52943822580375,4.36421052631579,7.15903166447597,7.32058164762331
"369","Heptachlor-exo-epoxide","Orange",19,1.52943822580375,3.31508771929825,6.53883096060634,6.71531768555544
"370","Heptachlor-exo-epoxide","Strawberries",21,1.45478593490662,2.1415873015873,10.8942957356921,10.9910000315313
"371","Hexachlorobenzene","Apple",21,1.45478593490662,-0.00380952380952139,5.0224387929144,5.2288902785365
"372","Hexachlorobenzene","Avocado",14,1.7817416127495,4.01904761904762,9.4645728479493,9.63082251776775
"373","Hexachlorobenzene","Carrot",20,1.49071198499986,-3.39333333333333,3.17960018083116,3.51170607143647
"374","Hexachlorobenzene","Onion",20,1.49071198499986,1.68466666666667,3.29550826684475,3.61698727659697
"375","Hexachlorobenzene","Orange",21,1.45478593490662,-0.655238095238089,4.56399101316534,4.79024175638935
"376","Hexachlorobenzene","Strawberries",21,1.45478593490662,-1.65206349206349,4.39438207970516,4.6289303277146
"377","Hexaconazole","Apple",21,1.45478593490662,-0.365714285714279,8.30488003410961,8.4313364597408
"378","Hexaconazole","Avocado",5,2.98142396999972,116.213333333333,48.8876671564516,48.9784941468078
"379","Hexaconazole","Carrot",19,1.52943822580375,-2.52280701754385,5.72030488516192,5.92123882863688
"380","Hexaconazole","Onion",21,1.45478593490662,4.12253968253969,7.13715239704354,7.28391010756081
"381","Hexaconazole","Orange",21,1.45478593490662,6.0368253968254,10.4317412244335,10.5326932495894
"382","Hexaconazole","Strawberries",21,1.45478593490662,2.62857142857143,9.45195315332754,9.56325365809673
"383","Indoxacarb","Apple",21,1.45478593490662,2.82666666666667,7.11705557095067,7.26421930536256
"384","Indoxacarb","Avocado",14,1.7817416127495,-23.9390476190476,8.8887701579372,9.06558536969555
"385","Indoxacarb","Carrot",21,1.45478593490662,16.0431746031746,18.5020882447898,18.5591937199435
"386","Indoxacarb","Onion",21,1.45478593490662,-3.02222222222222,7.5436428963829,7.6826395375906
"387","Indoxacarb","Orange",21,1.45478593490662,-6.30349206349206,9.30413805645343,9.41718573088304
"388","Indoxacarb","Strawberries",19,1.52943822580375,-2.6378947368421,6.00039383589402,6.19224575355215
"389","Iprodione","Apple",21,1.45478593490662,-1.70730158730158,14.7354088892122,14.807048228755
"390","Iprodione","Avocado",14,1.7817416127495,-8.79904761904762,20.7475831741966,20.8239480105193
"391","Iprodione","Carrot",21,1.45478593490662,7.53777777777778,17.6704641620899,17.7302483293412
"392","Iprodione","Onion",20,1.49071198499986,-6.68333333333333,15.494084515413,15.565631281544
"393","Iprodione","Orange",18,1.57134840263677,-8.21703703703703,22.4996075750496,22.5544114716766
"394","Iprodione","Strawberries",21,1.45478593490662,-1.44444444444444,24.8905252239869,24.9330031893939
"395","Kresoxim-methyl","Apple",21,1.45478593490662,-1.99047619047619,3.83882654027884,4.10523949639377
"396","Kresoxim-methyl","Avocado",14,1.7817416127495,-1.89047619047619,6.12251482562417,6.37650303572349
"397","Kresoxim-methyl","Carrot",21,1.45478593490662,3.03174603174604,5.49834961289372,5.68755224872797
"398","Kresoxim-methyl","Onion",17,1.61690416690889,1.18666666666667,3.01198716243391,3.41854439076546
"399","Kresoxim-methyl","Orange",21,1.45478593490662,1.56444444444445,6.05758343211524,6.22982496972741
"400","Kresoxim-methyl","Strawberries",21,1.45478593490662,2.21777777777778,4.78177527857749,4.99817736092037
"401","Lindane (gamma-BHC)","Apple",20,1.49071198499986,0.792000000000006,4.41254861312121,4.6575538091771
"402","Lindane (gamma-BHC)","Avocado",12,1.92450089729875,-2.48111111111111,3.17407915011243,3.71193778973761
"403","Lindane (gamma-BHC)","Carrot",19,1.52943822580375,1.30315789473685,3.57373088475436,3.88725272180712
"404","Lindane (gamma-BHC)","Onion",21,1.45478593490662,3.23936507936509,3.06527062772017,3.39297600014591
"405","Lindane (gamma-BHC)","Orange",21,1.45478593490662,3.88253968253969,3.79185705086306,4.06135223916641
"406","Lindane (gamma-BHC)","Strawberries",20,1.49071198499986,-2.89933333333333,4.69742141533165,4.92828470925114
"407","Linuron (raw)","Apple",21,1.45478593490662,-5.64190476190476,7.6818878301444,7.81842712771071
"408","Linuron (raw)","Avocado",14,1.7817416127495,-16.4914285714286,13.3393133842369,13.4577815682038
"409","Linuron (raw)","Carrot",20,1.49071198499986,-2.198,4.70278409515194,4.93339644340856
"410","Linuron (raw)","Onion",21,1.45478593490662,-8.67047619047619,8.67718043591698,8.79828747165393
"411","Linuron (raw)","Orange",21,1.45478593490662,-6.90412698412698,17.2974806741316,17.3585494724749
"412","Linuron (raw)","Strawberries",21,1.45478593490662,-6.54920634920635,12.9453343763845,13.0268217241507
"413","Malathion","Apple",21,1.45478593490662,0.365714285714288,3.36002796662587,3.66144644272043
"414","Malathion","Avocado",14,1.7817416127495,0.532380952380956,6.02853718257261,6.28632354689637
"415","Malathion","Carrot",21,1.45478593490662,0.756825396825401,3.45938955375888,3.75283602107236
"416","Malathion","Onion",21,1.45478593490662,0.56571428571429,3.0223010260501,3.35420715050004
"417","Malathion","Orange",20,1.49071198499986,-0.266666666666665,4.32319569909015,4.57299062702449
"418","Malathion","Strawberries",21,1.45478593490662,-0.955555555555551,4.31086139024742,4.54971735851009
"419","Metalaxyl","Apple",21,1.45478593490662,1.9968253968254,4.95063615173629,5.15996128118036
"420","Metalaxyl","Avocado",14,1.7817416127495,-2.72380952380952,5.91938187711199,6.18172184603003
"421","Metalaxyl","Carrot",18,1.57134840263677,3.63777777777778,2.70152220465097,3.12527727164989
"422","Metalaxyl","Onion",21,1.45478593490662,1.74412698412698,5.5380985409918,5.72598791180505
"423","Metalaxyl","Orange",21,1.45478593490662,-0.242539682539679,6.37959053934776,6.54336133544049
"424","Metalaxyl","Strawberries",21,1.45478593490662,-1.63428571428571,8.35887134478873,8.48452310239841
"425","Methacrifos","Apple",21,1.45478593490662,1.34730158730159,7.21033144707784,7.35562925201656
"426","Methacrifos","Avocado",14,1.7817416127495,-0.657142857142855,3.86769722277763,4.25836646869254
"427","Methacrifos","Carrot",21,1.45478593490662,1.86603174603175,3.35155148468546,3.65366931603005
"428","Methacrifos","Onion",21,1.45478593490662,3.79873015873016,4.60443825457695,4.82879423423837
"429","Methacrifos","Orange",20,1.49071198499986,3.402,3.15583936620088,3.49020691757457
"430","Methacrifos","Strawberries",21,1.45478593490662,1.33968253968254,3.20806101091227,3.52250728404322
"431","Methidathion","Apple",21,1.45478593490662,-3.0615873015873,6.19379112221332,6.36234631107193
"432","Methidathion","Avocado",14,1.7817416127495,-6.66571428571428,15.9038370593776,16.0033320401045
"433","Methidathion","Carrot",21,1.45478593490662,1.97460317460318,4.79758069542353,5.01330057402333
"434","Methidathion","Onion",21,1.45478593490662,-4.57015873015873,4.9242725888298,5.13467259379823
"435","Methidathion","Orange",21,1.45478593490662,-4.85777777777777,9.06952144598927,9.18545705861507
"436","Methidathion","Strawberries",21,1.45478593490662,-1.69841269841269,5.6741307331361,5.85765837968737
"437","Metribuzin","Apple",20,1.49071198499986,-2.37666666666666,5.4656719249003,5.66531480262708
"438","Metribuzin","Avocado",14,1.7817416127495,0.297142857142862,6.31462809363528,6.56118366878501
"439","Metribuzin","Carrot",21,1.45478593490662,-0.209523809523807,4.80996399682925,5.02515231283548
"440","Metribuzin","Onion",21,1.45478593490662,5.54349206349207,6.35898930440561,6.52327732738285
"441","Metribuzin","Orange",21,1.45478593490662,4.85587301587302,4.38743988939664,4.62234041362932
"442","Metribuzin","Strawberries",21,1.45478593490662,0.280000000000003,9.98622250903714,10.0916322820643
"443","Mevinphos","Apple",18,1.57134840263677,-0.0688888888888868,2.63794830158403,3.07048970757096
"444","Mevinphos","Avocado",13,1.8490006540841,-7.79794871794872,4.37798481006399,4.75242616102075
"445","Mevinphos","Carrot",21,1.45478593490662,-0.846349206349201,2.14098469161632,2.58847784733375
"446","Mevinphos","Onion",21,1.45478593490662,-0.801269841269838,2.90382400679412,3.24786021540891
"447","Mevinphos","Orange",21,1.45478593490662,-0.409523809523806,2.92293959448633,3.26496217273922
"448","Mevinphos","Strawberries",21,1.45478593490662,-0.0685714285714266,3.65812893452203,3.9367892270211
"449","o,p-Dicofol","Apple",20,1.49071198499986,-1.61666666666666,4.39285091726166,4.63889657176238
"450","o,p-Dicofol","Avocado",14,1.7817416127495,-4.05523809523809,7.72142116522242,7.92432634268352
"451","o,p-Dicofol","Carrot",21,1.45478593490662,-0.504761904761901,4.62708410357833,4.85039270760517
"452","o,p-Dicofol","Onion",19,1.52943822580375,1.31649122807018,3.59070636361895,3.90286477811918
"453","o,p-Dicofol","Orange",21,1.45478593490662,3.63873015873017,4.71714773473577,4.93638378448484
"454","o,p-Dicofol","Strawberries",21,1.45478593490662,-5.61523809523809,3.83886623474353,4.10527661487702
"455","o,p'-DDT","Apple",21,1.45478593490662,-7.12698412698412,4.56977435678806,4.79575226511543
"456","o,p'-DDT","Avocado",13,1.8490006540841,-11.705641025641,5.71103794558874,6.00289578743108
"457","o,p'-DDT","Carrot",21,1.45478593490662,2.40825396825397,4.42831992458735,4.6611607428729
"458","o,p'-DDT","Onion",20,1.49071198499986,-0.0879999999999945,4.66784626695544,4.90010316158263
"459","o,p'-DDT","Orange",21,1.45478593490662,-2.00761904761904,6.79950661141896,6.9533942988394
"460","o,p'-DDT","Strawberries",21,1.45478593490662,-5.97523809523809,5.00730894364856,5.21435949791966
"461","Oxyfluorfen","Apple",20,1.49071198499986,-9.01,6.35044392241172,6.52306371530419
"462","Oxyfluorfen","Avocado",12,1.92450089729875,-5.43777777777778,7.3857166730393,7.63233348839753
"463","Oxyfluorfen","Carrot",20,1.49071198499986,-2.78466666666666,9.30292014771995,9.42159994359111
"464","Oxyfluorfen","Onion",21,1.45478593490662,2.88952380952381,9.47171709680482,9.58278805350024
"465","Oxyfluorfen","Orange",20,1.49071198499986,-5.04333333333333,6.02949301060315,6.21103921957787
"466","Oxyfluorfen","Strawberries",21,1.45478593490662,-6.94285714285714,7.19961004234985,7.34511993627789
"467","p,p'-DDD","Apple",20,1.49071198499986,1.69000000000001,4.04697533433615,4.31279857852733
"468","p,p'-DDD","Avocado",14,1.7817416127495,2.45238095238096,10.7761350308302,10.9224397172651
"469","p,p'-DDD","Carrot",12,1.92450089729875,0.810000000000007,0.612070504950456,2.01948855078062
"470","p,p'-DDD","Onion",20,1.49071198499986,0.824666666666671,3.4006597915028,3.71304581708415
"471","p,p'-DDD","Orange",21,1.45478593490662,0.180317460317464,5.0217245714951,5.22820426038997
"472","p,p'-DDD","Strawberries",21,1.45478593490662,2.76253968253969,4.85763292890248,5.07079873277966
"473","p,p'-DDE","Apple",21,1.45478593490662,-3.13396825396825,5.05237893571463,5.2576548979992
"474","p,p'-DDE","Avocado",14,1.7817416127495,-2.36190476190476,7.66217814140169,7.86661153516411
"475","p,p'-DDE","Carrot",21,1.45478593490662,0.344761904761907,4.95929974575584,5.16827399473519
"476","p,p'-DDE","Onion",21,1.45478593490662,0.819682539682541,4.93678189205635,5.14667053211468
"477","p,p'-DDE","Orange",20,1.49071198499986,2.43,5.50971306074063,5.70781571478251
"478","p,p'-DDE","Strawberries",21,1.45478593490662,3.04952380952381,5.93689203069476,6.1125354068937
"479","p,p'-DDT","Apple",21,1.45478593490662,-9.7415873015873,5.8668946564646,6.04457236092472
"480","p,p'-DDT","Avocado",13,1.8490006540841,-14.105641025641,5.17030685109433,5.49098136522757
"481","p,p'-DDT","Carrot",21,1.45478593490662,0.127619047619049,4.10496192198568,4.35512508400786
"482","p,p'-DDT","Onion",21,1.45478593490662,-5.86920634920635,3.46287643838374,3.75605049805182
"483","p,p'-DDT","Orange",21,1.45478593490662,-5.27492063492063,5.76067507801797,5.94153006143195
"484","p,p'-DDT","Strawberries",21,1.45478593490662,-10.0850793650794,5.17080604280175,5.37155817697968
"485","Paclobutrazol","Apple",19,1.52943822580375,-2.98245614035087,3.24348555885491,3.58599774916969
"486","Paclobutrazol","Avocado",14,1.7817416127495,0.247619047619052,6.04183413434693,6.29907635146319
"487","Paclobutrazol","Carrot",21,1.45478593490662,0.641269841269846,4.83837053334998,5.05234911050212
"488","Paclobutrazol","Onion",21,1.45478593490662,-0.515555555555552,3.95609534394337,4.21510290346185
"489","Paclobutrazol","Orange",21,1.45478593490662,2.00253968253969,6.99098545785626,7.14074784517419
"490","Paclobutrazol","Strawberries",21,1.45478593490662,2.14730158730159,6.37768537071489,6.5415038641151
"491","Parathion (ethyl)","Apple",21,1.45478593490662,-0.657777777777772,8.72916677539114,8.8495624021188
"492","Parathion (ethyl)","Avocado",12,1.92450089729875,-2.49333333333333,3.63496377095585,4.11298739602558
"493","Parathion (ethyl)","Carrot",21,1.45478593490662,-5.2215873015873,4.38512531419161,4.62014351915242
"494","Parathion (ethyl)","Onion",21,1.45478593490662,0.95619047619048,6.30056666637695,6.4663391833295
"495","Parathion (ethyl)","Orange",21,1.45478593490662,-5.08444444444444,5.12698366307925,5.32938679379566
"496","Parathion (ethyl)","Strawberries",21,1.45478593490662,-5.70349206349206,7.55018399159109,7.68906238908753
"497","Parathion-methyl","Apple",21,1.45478593490662,1.15301587301588,5.73165187598769,5.91339457028832
"498","Parathion-methyl","Avocado",14,1.7817416127495,1.38,5.20568459827832,5.50215914994789
"499","Parathion-methyl","Carrot",21,1.45478593490662,-0.260952380952378,3.25731333444146,3.56742095569506
"500","Parathion-methyl","Onion",21,1.45478593490662,0.949206349206355,4.78568721464348,5.00192005461945
"501","Parathion-methyl","Orange",21,1.45478593490662,-2.6863492063492,5.33977547434367,5.53440188573293
"502","Parathion-methyl","Strawberries",21,1.45478593490662,-1.07365079365079,6.80327061091142,6.95707504068291
"503","Pendimethalin","Apple",21,1.45478593490662,-3.29396825396825,7.32460872061115,7.46768337749098
"504","Pendimethalin","Avocado",14,1.7817416127495,8.37238095238096,9.10734233974349,9.27999394762129
"505","Pendimethalin","Carrot",21,1.45478593490662,-1.54603174603174,8.36788514494205,8.49340355307246
"506","Pendimethalin","Onion",21,1.45478593490662,-1.45968253968253,4.69169406797941,4.91206630084686
"507","Pendimethalin","Orange",20,1.49071198499986,-1.81666666666667,6.05185834877884,6.23275313933629
"508","Pendimethalin","Strawberries",21,1.45478593490662,-1.51428571428571,7.81643348215491,7.95066251939765
"509","Permethrin","Apple",21,1.45478593490662,-1.59047619047619,4.84805966750437,5.06162865647853
"510","Permethrin","Avocado",13,1.8490006540841,0.71794871794872,7.41819953428622,7.64516106758306
"511","Permethrin","Carrot",18,1.57134840263677,2.61037037037037,3.47003623738191,3.80923710094459
"512","Permethrin","Onion",18,1.57134840263677,1.18222222222223,2.86870333487613,3.27087062202077
"513","Permethrin","Orange",21,1.45478593490662,-0.448253968253964,7.35494328243466,7.49743908306248
"514","Permethrin","Strawberries",21,1.45478593490662,0.081269841269844,4.85570254399579,5.06894952748292
"515","Phenothrin","Apple",21,1.45478593490662,-2.57714285714285,4.16169867638395,4.40864355436204
"516","Phenothrin","Avocado",12,1.92450089729875,-3.70333333333333,5.41322921231408,5.74515049487428
"517","Phenothrin","Carrot",20,1.49071198499986,1.37866666666667,5.56131567587955,5.75764311754435
"518","Phenothrin","Onion",16,1.66666666666667,3.11916666666667,2.76742305590785,3.23054301134471
"519","Phenothrin","Orange",21,1.45478593490662,-4.15619047619047,15.0781791667339,15.1481975528618
"520","Phenothrin","Strawberries",21,1.45478593490662,2.95047619047619,4.76256353538422,4.97980055273036
"521","Phorate (raw)","Apple",21,1.45478593490662,-0.669841269841266,7.12318269035771,7.27022240076696
"522","Phorate (raw)","Avocado",14,1.7817416127495,0.190476190476193,3.59272361915901,4.01027008794497
"523","Phorate (raw)","Carrot",18,1.57134840263677,-2.50888888888888,1.82464321877374,2.40799889499271
"524","Phorate (raw)","Onion",21,1.45478593490662,-0.509206349206344,3.80281210345448,4.0715822490258
"525","Phorate (raw)","Orange",21,1.45478593490662,-1.57015873015873,3.46904765608829,3.76174078806791
"526","Phorate (raw)","Strawberries",21,1.45478593490662,-0.155555555555552,3.57751330975602,3.86199476927191
"527","Phorate-Oxon","Apple",21,1.45478593490662,-1.80761904761904,3.76105321284361,4.03260751700973
"528","Phorate-Oxon","Avocado",14,1.7817416127495,-13.4019047619048,9.48039143357603,9.64636848292791
"529","Phorate-Oxon","Carrot",20,1.49071198499986,-2.41533333333333,2.2483606503484,2.69765598923534
"530","Phorate-Oxon","Onion",18,1.57134840263677,-1.35555555555555,1.92774581352642,2.48703432305181
"531","Phorate-Oxon","Orange",18,1.57134840263677,-0.711851851851848,1.76321832243715,2.36179479528752
"532","Phorate-Oxon","Strawberries",21,1.45478593490662,-2.99365079365079,3.00103869143888,3.33506152025946
"533","Phorate-sulfone","Apple",21,1.45478593490662,1.84825396825397,3.02374742093457,3.3555104800925
"534","Phorate-sulfone","Avocado",13,1.8490006540841,-1.49538461538461,6.1997057185927,6.46955596744896
"535","Phorate-sulfone","Carrot",21,1.45478593490662,2.9536507936508,5.31599953021923,5.51146560559831
"536","Phorate-sulfone","Onion",21,1.45478593490662,0.820952380952384,3.50950346960572,3.79908103619503
"537","Phorate-sulfone","Orange",21,1.45478593490662,-0.513015873015871,4.45024767160484,4.68199812633735
"538","Phorate-sulfone","Strawberries",21,1.45478593490662,-2.38412698412698,6.28180811769297,6.44806291407857
"539","Phorate-sulfoxide","Apple",19,1.52943822580375,-0.865263157894733,2.32845159056757,2.78583346526068
"540","Phorate-sulfoxide","Avocado",14,1.7817416127495,-1.82952380952381,8.99396976109504,9.16875647174115
"541","Phorate-sulfoxide","Carrot",21,1.45478593490662,-0.51492063492063,3.06583315104604,3.39348420159208
"542","Phorate-sulfoxide","Onion",19,1.52943822580375,-1.11157894736842,2.09846133178899,2.59667503695848
"543","Phorate-sulfoxide","Orange",21,1.45478593490662,-3.2247619047619,4.46181484891874,4.69299412554862
"544","Phorate-sulfoxide","Strawberries",21,1.45478593490662,-3.40952380952381,2.94149513866565,3.28158433796783
"545","Phosmet","Apple",20,1.49071198499986,2.90666666666667,8.43886968956311,8.5695241326254
"546","Phosmet","Avocado",14,1.7817416127495,-16.6704761904762,23.8243110359355,23.8908434240317
"547","Phosmet","Carrot",15,1.72132593164774,0.389333333333335,2.52607581984766,3.05679930819509
"548","Phosmet","Onion",21,1.45478593490662,-11.6260317460317,9.76025817162228,9.86808196627499
"549","Phosmet","Orange",21,1.45478593490662,-5.3847619047619,17.2684175615302,17.3295887774571
"550","Phosmet","Strawberries",17,1.61690416690889,-2.72941176470588,5.20428619228822,5.44967649096799
"551","Piperonyl butoxide","Apple",21,1.45478593490662,-0.0920634920634899,4.22198879889436,4.46560091526231
"552","Piperonyl butoxide","Avocado",10,2.10818510677892,3.284,4.58594331074673,5.04730824240279
"553","Piperonyl butoxide","Carrot",19,1.52943822580375,1.19719298245615,3.56965421141654,3.88350517904039
"554","Piperonyl butoxide","Onion",21,1.45478593490662,1.23873015873016,3.7836347128405,4.0536765727687
"555","Piperonyl butoxide","Orange",21,1.45478593490662,5.99746031746032,7.69933055565813,7.83556590947285
"556","Piperonyl butoxide","Strawberries",18,1.57134840263677,1.51851851851852,2.64930777053848,3.08025444817546
"557","Pirimicarb (raw)","Apple",21,1.45478593490662,-1.75492063492063,4.11451949659139,4.36413482883295
"558","Pirimicarb (raw)","Avocado",14,1.7817416127495,-3.27142857142857,6.1637187290976,6.41607603960799
"559","Pirimicarb (raw)","Carrot",21,1.45478593490662,1.83111111111111,2.47111790566612,2.8675470039924
"560","Pirimicarb (raw)","Onion",21,1.45478593490662,-0.421587301587299,3.28507324779619,3.59278559891741
"561","Pirimicarb (raw)","Orange",21,1.45478593490662,0.718095238095242,4.38528506249766,4.62029514162972
"562","Pirimicarb (raw)","Strawberries",21,1.45478593490662,-0.815873015873012,4.07947843953419,4.33111376611449
"563","Pirimiphos-methyl","Apple",19,1.52943822580375,4.85964912280702,7.29322549642135,7.45186684181891
"564","Pirimiphos-methyl","Avocado",14,1.7817416127495,6.84571428571429,13.0161837087312,13.1375660422333
"565","Pirimiphos-methyl","Carrot",21,1.45478593490662,-0.721904761904758,6.09476319578525,6.26598280632021
"566","Pirimiphos-methyl","Onion",20,1.49071198499986,-5.38,5.40375870918886,5.60560705092291
"567","Pirimiphos-methyl","Orange",21,1.45478593490662,-4.03746031746031,10.395754363348,10.4970524862683
"568","Pirimiphos-methyl","Strawberries",21,1.45478593490662,5.01269841269842,9.06422366713392,9.18022618480791
"569","Procymidone","Apple",20,1.49071198499986,-2.44733333333333,3.72246909192687,4.00986263637211
"570","Procymidone","Avocado",14,1.7817416127495,-3.14571428571428,5.9833877475665,6.24303869220207
"571","Procymidone","Carrot",21,1.45478593490662,-0.573968253968251,5.47775862709554,5.66764869175231
"572","Procymidone","Onion",16,1.66666666666667,-3.87666666666666,2.97927060424751,3.4137708052989
"573","Procymidone","Orange",21,1.45478593490662,1.57587301587302,5.07217177950891,5.27667780684482
"574","Procymidone","Strawberries",21,1.45478593490662,1.6336507936508,5.75818739851371,5.93911813595286
"575","Propiconazole","Apple",21,1.45478593490662,-0.0742857142857111,4.58795828989773,4.81308252435416
"576","Propiconazole","Avocado",14,1.7817416127495,9.04190476190477,6.50063162142045,6.74038683252042
"577","Propiconazole","Carrot",15,1.72132593164774,1.11644444444445,2.40123495563622,2.95446988055933
"578","Propiconazole","Onion",19,1.52943822580375,0.861754385964917,2.52504769993352,2.95212587358488
"579","Propiconazole","Orange",21,1.45478593490662,2.53079365079365,5.6505380181165,5.83480779551323
"580","Propiconazole","Strawberries",21,1.45478593490662,3.68444444444445,5.09189915817635,5.2956434126024
"581","Prothiofos","Apple",21,1.45478593490662,-1.85396825396825,4.75968341839941,4.97704614804689
"582","Prothiofos","Avocado",14,1.7817416127495,4.35714285714286,9.64871284601524,9.81184298485574
"583","Prothiofos","Carrot",21,1.45478593490662,0.245714285714289,6.854826778171,7.00749971638475
"584","Prothiofos","Onion",21,1.45478593490662,-0.292698412698411,5.42922376475963,5.62075375765856
"585","Prothiofos","Orange",20,1.49071198499986,-0.393333333333332,5.01229272514815,5.22927342800081
"586","Prothiofos","Strawberries",21,1.45478593490662,-1.63301587301587,6.73188713056186,6.88728585547504
"587","Pyraclostrobin","Apple",20,1.49071198499986,-0.486666666666663,7.28300754018622,7.43400437534385
"588","Pyraclostrobin","Avocado",14,1.7817416127495,-6.35333333333333,10.5174313590897,10.6672848264104
"589","Pyraclostrobin","Carrot",19,1.52943822580375,-1.72842105263158,3.72950123571323,4.03092554554611
"590","Pyraclostrobin","Onion",21,1.45478593490662,-1.78412698412698,5.20528042843268,5.40475221032625
"591","Pyraclostrobin","Orange",21,1.45478593490662,-3.95365079365079,7.20587984486449,7.35126563627152
"592","Pyraclostrobin","Strawberries",18,1.57134840263677,-1.64444444444444,6.46593648596419,6.65413183240248
"593","Pyrimethanil","Apple",21,1.45478593490662,-3.29460317460317,4.02927047107792,4.28385604864387
"594","Pyrimethanil","Avocado",12,1.92450089729875,1.79111111111111,4.14603847266701,4.57092318033663
"595","Pyrimethanil","Carrot",21,1.45478593490662,-1.28,4.83066685067623,5.04497218412791
"596","Pyrimethanil","Onion",17,1.61690416690889,-2.28862745098039,2.91643595726195,3.33466306810415
"597","Pyrimethanil","Orange",20,1.49071198499986,2.22333333333334,3.35893849843329,3.67487279487053
"598","Pyrimethanil","Strawberries",20,1.49071198499986,0.590000000000003,3.37671108888187,3.69112448990819
"599","Pyriproxyfen","Apple",18,1.57134840263677,-3.17925925925926,3.60636538837258,3.93382855713373
"600","Pyriproxyfen","Avocado",11,2.01007563051842,62.950303030303,172.774053822741,172.785746166702
"601","Pyriproxyfen","Carrot",21,1.45478593490662,0.102222222222223,5.51098512400796,5.69976834208542
"602","Pyriproxyfen","Onion",21,1.45478593490662,-1.52253968253968,4.05033358087974,4.30367334178655
"603","Pyriproxyfen","Orange",21,1.45478593490662,1.48698412698413,7.16929083001178,7.31540382492266
"604","Pyriproxyfen","Strawberries",19,1.52943822580375,1.3059649122807,3.00455448083906,3.37142831970069
"605","Quintozene","Apple",21,1.45478593490662,1.06920634920636,5.99716913818159,6.17109713003772
"606","Quintozene","Avocado",14,1.7817416127495,1.60857142857143,8.53207299529661,8.7161271658732
"607","Quintozene","Carrot",21,1.45478593490662,-0.339682539682535,6.19030872545159,6.35895622196003
"608","Quintozene","Onion",21,1.45478593490662,0.551746031746035,5.36143509178151,5.55530272440561
"609","Quintozene","Orange",20,1.49071198499986,-0.0913333333333304,5.46291060522701,5.66265083710129
"610","Quintozene","Strawberries",21,1.45478593490662,-0.116825396825395,5.52291534087151,5.71130422748044
"611","Simazine","Apple",15,1.72132593164774,1.57244444444445,1.11922270835588,2.05319809903049
"612","Simazine","Avocado",14,1.7817416127495,-1.12285714285714,5.31498942391352,5.60568601965145
"613","Simazine","Carrot",21,1.45478593490662,-1.59873015873015,4.79848662209596,5.01416752600429
"614","Simazine","Onion",19,1.52943822580375,1.67438596491228,3.05429490208917,3.41583059232708
"615","Simazine","Orange",20,1.49071198499986,6.00533333333334,4.79558549438107,5.02193811751403
"616","Simazine","Strawberries",21,1.45478593490662,-0.000634920634916823,4.74515046231971,4.96314970824526
"617","tau-Fluvalinate","Apple",21,1.45478593490662,2.31492063492064,4.34032968781656,4.577648295287
"618","tau-Fluvalinate","Avocado",14,1.7817416127495,-2.7247619047619,9.06743376414491,9.24083103631693
"619","tau-Fluvalinate","Carrot",20,1.49071198499986,1.78266666666667,3.39096867251995,3.70417207486827
"620","tau-Fluvalinate","Onion",21,1.45478593490662,-1.26539682539682,4.9537719047869,5.16296990123496
"621","tau-Fluvalinate","Orange",21,1.45478593490662,-0.330793650793647,7.89398265240063,8.02691498851235
"622","tau-Fluvalinate","Strawberries",20,1.49071198499986,-0.423333333333328,4.98622171764793,5.20428950383874
"623","Tebuconazole","Apple",19,1.52943822580375,-2.21263157894736,1.96202703790388,2.48771609795322
"624","Tebuconazole","Avocado",14,1.7817416127495,2.24190476190476,7.05235290969486,7.27394561001694
"625","Tebuconazole","Carrot",21,1.45478593490662,-0.493333333333331,3.89428755429739,4.15714778086583
"626","Tebuconazole","Onion",21,1.45478593490662,-1.93269841269841,4.0825100692599,4.33396937945005
"627","Tebuconazole","Orange",21,1.45478593490662,-0.0755555555555544,5.53060548557181,5.71874104619532
"628","Tebuconazole","Strawberries",20,1.49071198499986,1.93466666666667,4.96960002861844,5.1883664738207
"629","Tebufenpyrad","Apple",20,1.49071198499986,-0.0206666666666651,3.49566943450345,3.80025354648132
"630","Tebufenpyrad","Avocado",14,1.7817416127495,-3.15809523809524,10.8548778049857,11.0001352417039
"631","Tebufenpyrad","Carrot",20,1.49071198499986,2.09,3.46688494589454,3.77379297925739
"632","Tebufenpyrad","Onion",21,1.45478593490662,1.40380952380953,4.17214070894524,4.41850203254906
"633","Tebufenpyrad","Orange",20,1.49071198499986,0.348666666666668,4.93251633822946,5.15285742565451
"634","Tebufenpyrad","Strawberries",20,1.49071198499986,4.24133333333334,4.25562144911042,4.50916135665501
"635","Terbufos (raw)","Apple",21,1.45478593490662,-1.88444444444444,4.8617972595114,5.07478814424747
"636","Terbufos (raw)","Avocado",14,1.7817416127495,-0.891428571428566,3.93934475749929,4.32354487579813
"637","Terbufos (raw)","Carrot",21,1.45478593490662,-1.3663492063492,2.80234701332094,3.1574595641862
"638","Terbufos (raw)","Onion",21,1.45478593490662,-1.36571428571428,3.70090336462406,3.97656734265721
"639","Terbufos (raw)","Orange",18,1.57134840263677,-1.77481481481481,1.83284707356117,2.41422124038599
"640","Terbufos (raw)","Strawberries",20,1.49071198499986,-1.98733333333333,2.83289111100015,3.20117076536161
"641","Tetradifon","Apple",19,1.52943822580375,0.916491228070178,4.45345274203467,4.7087601990424
"642","Tetradifon","Avocado",14,1.7817416127495,-4.74285714285714,11.2752277333791,11.4151374767965
"643","Tetradifon","Carrot",15,1.72132593164774,-2.90044444444444,2.71027142864533,3.21069060793689
"644","Tetradifon","Onion",21,1.45478593490662,3.65396825396826,9.16510917793052,9.27985066473531
"645","Tetradifon","Orange",21,1.45478593490662,-1.67428571428571,7.16246831622677,7.30871770540869
"646","Tetradifon","Strawberries",18,1.57134840263677,-4.89629629629629,5.0664717311428,5.30455197023634
"647","THP","Apple",21,1.45478593490662,1.26730158730159,4.75651128209737,4.9740126349982
"648","THP","Avocado",14,1.7817416127495,22.9771428571429,14.3456423507856,14.455865855467
"649","THP","Carrot",21,1.45478593490662,2.06920634920635,4.69296896132477,4.91328401258871
"650","THP","Onion",21,1.45478593490662,-26.3936507936508,54.0884810277954,54.1080417499153
"651","THP","Orange",15,1.72132593164774,13.2862222222222,1.616689674194,2.3614928468256
"652","THP","Strawberries",21,1.45478593490662,7.17142857142858,5.56404375046988,5.75108554740277
"653","Tolclofos-methyl","Apple",21,1.45478593490662,-0.317460317460314,5.32923445667198,5.5242322553077
"654","Tolclofos-methyl","Avocado",14,1.7817416127495,-0.0266666666666643,4.36183604405458,4.71171060760494
"655","Tolclofos-methyl","Carrot",21,1.45478593490662,-0.326349206349203,2.96621755116623,3.30376280583953
"656","Tolclofos-methyl","Onion",20,1.49071198499986,1.71266666666667,3.61409450130008,3.90946304325155
"657","Tolclofos-methyl","Orange",21,1.45478593490662,-1.54222222222222,3.10477577170922,3.42870743998299
"658","Tolclofos-methyl","Strawberries",18,1.57134840263677,-2.35629629629629,2.44409088352164,2.90563522304207
"659","Triadimefon","Apple",20,1.49071198499986,-2.59599999999999,4.83678710237325,5.06129743207277
"660","Triadimefon","Avocado",14,1.7817416127495,3.76952380952382,5.7096527739027,5.98119870704343
"661","Triadimefon","Carrot",21,1.45478593490662,-3.01904761904762,5.88574711040315,6.06287235260822
"662","Triadimefon","Onion",21,1.45478593490662,2.83873015873016,4.39503134563344,4.62954669978634
"663","Triadimefon","Orange",21,1.45478593490662,-1.01650793650793,4.86190983007369,5.07489599028092
"664","Triadimefon","Strawberries",21,1.45478593490662,0.661587301587305,6.51917851156175,6.67952772147931
"665","Trifloxystrobin (raw)","Apple",21,1.45478593490662,0.0247619047619093,4.65171755274073,4.87389765043115
"666","Trifloxystrobin (raw)","Avocado",14,1.7817416127495,-4.34285714285714,7.63790534416328,7.84297145353731
"667","Trifloxystrobin (raw)","Carrot",18,1.57134840263677,5.79333333333334,5.85605323380211,6.06320833219454
"668","Trifloxystrobin (raw)","Onion",21,1.45478593490662,1.25269841269842,5.31347381862036,5.50902950959297
"669","Trifloxystrobin (raw)","Orange",15,1.72132593164774,3.87555555555556,2.94813006827563,3.41385908649344
"670","Trifloxystrobin (raw)","Strawberries",21,1.45478593490662,2.7752380952381,9.27895519570008,9.39230598097249
"671","Trifloxystrobin Metabolite","Apple",18,1.57134840263677,2.25925925925926,5.59673896128149,5.8131422486634
"672","Trifloxystrobin Metabolite","Avocado",13,1.8490006540841,-1.14153846153846,10.8565154200382,11.0128438872223
"673","Trifloxystrobin Metabolite","Carrot",21,1.45478593490662,12.12,16.6625722970841,16.7259593946643
"674","Trifloxystrobin Metabolite","Onion",15,1.72132593164774,9.68533333333334,3.88583687948533,4.25002249605002
"675","Trifloxystrobin Metabolite","Orange",17,1.61690416690889,10.8854901960784,11.4235663421655,11.5374280954996
"676","Trifloxystrobin Metabolite","Strawberries",21,1.45478593490662,-0.577777777777774,17.6669360147182,17.7267320808024
"677","Vinclozolin","Apple",21,1.45478593490662,2.17904761904762,7.37157492164306,7.51375531553956
"678","Vinclozolin","Avocado",13,1.8490006540841,-5.3825641025641,6.42297815916016,6.68382015406248
"679","Vinclozolin","Carrot",20,1.49071198499986,0.748666666666671,3.63273041834894,3.92669740553304
"680","Vinclozolin","Onion",21,1.45478593490662,1.85904761904762,6.29976023731213,6.46555343060601
"681","Vinclozolin","Orange",21,1.45478593490662,-1.11428571428571,6.59120568492233,6.74984403503922
"682","Vinclozolin","Strawberries",21,1.45478593490662,2.77015873015873,5.50340646793627,5.69244102891939
