Compound,Matrix,Repeatability,Reproducibility
Dichlorvos,Apple,0.0022818528394601533,0.003346107699207222
Mevinphos,Apple,0.00237848157511775,0.002893844158486329
"3,4 Dichloroaniline",Apple,0.010206319470938441,0.01175339571716845
Methacrifos,Apple,0.0025336669579816965,0.0062470455057587315
THP,Apple,0.0030062350550729014,0.003782476513004214
2-Phenylphenol (raw) *,Apple,0.006213901849118328,NaN
Diphenylamine,Apple,0.0031708491176629847,0.004056423561321417
Phorate-Oxon,Apple,0.0021716872235258396,0.0030570733191913357
Ethoprophos,Apple,0.002333135365751552,0.0028794341139061538
Phorate (raw),Apple,0.002232282624195628,0.006215898203493239
alpha-BHC,Apple,0.0034662241017870596,0.004271067591053426
Hexachlorobenzene,Apple,0.002704048698725549,0.004139606195736772
Dicloran,Apple,0.004326841657624964,0.004357562196838932
Dimethoate (raw),Apple,0.004773484468211247,0.00746378016059653
Simazine,Apple,0.0023178814903214075,0.0023993262943306924
beta-BHC,Apple,0.002034038129217617,0.003177288344562044
Quintozene,Apple,0.00343661955535581,0.004882591524999809
Lindane (gamma-BHC),Apple,0.003657011964423481,0.004049300687084344
Terbufos (raw),Apple,0.0027561455141625027,0.00396717818116207
Diazinon,Apple,0.0030539615178290873,0.005093536587282589
Pyrimethanil,Apple,0.0019231187467979485,0.00338540635529565
Chlorothalonil,Apple,0.01192317018672413,0.019181066291570775
Disulfoton (raw),Apple,0.0039078758489483265,0.005479124886677566
delta-BHC,Apple,0.002238469573558244,0.0034971747586468997
Pirimicarb (raw),Apple,0.0027795854435680215,0.003208222959493794
Chlorpyrifos-methyl,Apple,0.0026579446648246513,0.006109620661370908
Metribuzin,Apple,0.005090187104803196,NaN
Vinclozolin,Apple,0.0034948651675969574,0.0061993191967667964
Parathion-methyl,Apple,0.0031347765166792694,0.004710339546089622
Tolclofos-methyl,Apple,0.003190305503607642,0.004296510449285128
Fipronyl-desulfonyl,Apple,0.003411559248780024,0.006111365513154501
Heptachlor (raw),Apple,0.003496073534514134,0.004996284333668083
Metalaxyl,Apple,0.0032525079456486917,0.0038936865870399908
Fenthion-oxon,Apple,0.003511625364188598,0.003664343172296195
Pirimiphos-methyl,Apple,0.005215990371497586,0.008442375459629862
Fenitrothion,Apple,0.004849531314287385,0.005680613589067581
Linuron (raw),Apple,0.005102789775413396,0.006021672028067077
Malathion,Apple,0.0021460391718195948,0.0026642770330510936
"o,p-Dicofol",Apple,0.003044598130751872,0.00386556883899118
Chlorpyrifos,Apple,0.0032606518970369654,0.005604318548633519
Aldrin,Apple,0.005458560191577938,0.009724561651803533
Fenthion (raw),Apple,0.002539693457317795,0.0035705859005868085
Chlorthal-dimethyl,Apple,0.0025300765406578722,0.0057677155665950474
Phorate-sulfoxide,Apple,0.002234291194732042,NaN
Parathion (ethyl),Apple,0.0038370538880347364,0.007410868328863694
Triadimefon,Apple,0.0034122175445637343,0.004467271534839401
Phorate-sulfone,Apple,0.002281601011264496,NaN
Dicofol (raw),Apple,0.0035839580850723636,0.0036260687845009196
Pendimethalin,Apple,0.004513476997080478,0.005863521903740639
Cyprodinil,Apple,0.003226100402889498,0.004239657603939189
Fipronil-sulfide,Apple,0.002496331276347317,0.0044879211283646355
Fipronil (raw),Apple,0.004791539335782314,0.009698951096946119
Heptachlor-exo-epoxide,Apple,0.004613113468473957,0.007188002049901461
Heptachlor-endo-epoxide,Apple,0.007149136366978243,NaN
Captan (raw),Apple,0.008072774743760164,0.01211918816458873
Procymidone,Apple,0.003049570357456829,0.0033658999261601923
Trifloxystrobin Metabolite,Apple,0.005698984454227246,NaN
Bromophos-ethyl,Apple,0.0036411804731563647,NaN
Methidathion,Apple,0.0028275739783734386,0.005234591317237997
Chlordane-trans,Apple,0.004525531451734143,NaN
Paclobutrazol,Apple,0.003411860498832282,0.0036964836204780613
Chlordane-cis,Apple,0.0044410750521746015,NaN
alpha-Endosulfan,Apple,0.010899464745850218,0.01277392766110551
Fenamiphos (raw),Apple,0.005388920438461071,NaN
Hexaconazole,Apple,0.005925471918785665,0.006354170787329987
Prothiofos,Apple,0.003577825445802916,NaN
Fludioxonil,Apple,0.005582524603831221,0.005907113375869312
"p,p'-DDE",Apple,0.003714658223078636,0.0038208206013927467
Fipronil-sulfone,Apple,0.0037215204266152144,NaN
Dieldrin (raw),Apple,0.00579718390857503,0.009837316465281335
Flusilazole,Apple,0.003743567816936137,0.004208597210020279
Oxyfluorfen,Apple,0.005782758033688639,NaN
Buprofezin,Apple,0.0037672193020636883,0.004649678432301473
Kresoxim-methyl,Apple,0.002922102146123748,NaN
Fenthion-oxon-sulfone,Apple,0.011225572474531204,NaN
Chlorfenapyr,Apple,0.00717413752351801,0.011578534414323483
Cyproconazole,Apple,0.0029392688865263025,NaN
Endrin,Apple,0.0052899570916734315,NaN
beta-Endosulfan,Apple,0.009324355290705178,NaN
"p,p'-DDD",Apple,0.0037101446084853674,NaN
"o,p'-DDT",Apple,0.0030627373895684065,0.003572211818875182
Benalaxyl,Apple,0.0031840555151896356,0.004041910792823475
Trifloxystrobin (raw),Apple,0.003643990268835122,NaN
Endosulfan sulfate,Apple,0.009389660473601999,0.011763926267385807
Propiconazole,Apple,0.003599777991390798,NaN
"p,p'-DDT",Apple,0.004061889661111886,0.004537434844268995
Tebuconazole,Apple,0.001997084780135188,NaN
Piperonyl butoxide,Apple,0.002402120756120334,0.003442510257174014
Bioresmethrin,Apple,0.004727519400546093,0.004942586628986287
Iprodione,Apple,0.010602536983014504,0.01123850318065072
Phosmet,Apple,0.005048428012443608,0.008887713448358703
Bifenthrin,Apple,0.002692835880510559,0.003329025924417259
Fenoxycarb,Apple,0.003698965320795043,0.004066274682792385
Tebufenpyrad,Apple,0.0029515091646827637,0.0032860238984560785
Tetradifon,Apple,0.004293476779620783,0.004352381707825297
Phenothrin,Apple,0.0031208896777925976,0.0031214387054428507
Azinphos-methyl,Apple,0.00798119496165035,0.011547358828683178
Pyriproxyfen,Apple,0.00363935869983047,0.004048762891597994
Cyhalothrin,Apple,0.003896316738534503,0.004281317585990188
Fenarimol,Apple,0.0026617961473709285,0.0034920948627739498
Azinphos-ethyl,Apple,0.003182805491017437,0.0049157987012029185
Bitertanol,Apple,0.002774642834157731,0.003976347929588512
Permethrin,Apple,0.002877202951721832,0.003916509448284709
Cyfluthrin,Apple,0.003414400642284343,NaN
Cypermethrin,Apple,0.002429085333115235,0.0027501160148688465
Boscalid,Apple,0.0034494575142849835,NaN
Fenvalerate,Apple,0.003996704594919121,0.004433669646084632
Pyraclostrobin,Apple,0.005211158053059632,0.007481270445786143
tau-Fluvalinate,Apple,0.0034208295197473027,NaN
Difenoconazole,Apple,0.0027478077842250175,NaN
Indoxacarb,Apple,0.0038843554755348332,0.0058511970401552175
Deltamethrin,Apple,0.003395888270078553,NaN
Azoxystrobin,Apple,0.003197420090963218,0.0034325349114564534
Dimethomorph,Apple,0.0029242410492785454,0.0035834877359552245
Dichlorvos,Carrot,0.0018191350639664926,0.0023696294092990506
Mevinphos,Carrot,0.001499520029029392,0.0016491677967292138
"3,4 Dichloroaniline",Carrot,0.0019289005010256887,0.004371602782087338
Methacrifos,Carrot,0.002378958021874547,0.0025692334545964657
THP,Carrot,0.003330066017744953,0.00359795066386296
2-Phenylphenol (raw),Carrot,0.0030773202628260844,0.003822375672577588
Diphenylamine,Carrot,0.0019435950979465612,0.0024552061858357207
Phorate-Oxon,Carrot,0.0019863925985453114,0.0022728718086384584
Ethoprophos,Carrot,0.0017018225524419368,NaN
Phorate (raw),Carrot,0.0019313146275208978,0.0020766743101594404
alpha-BHC,Carrot,0.0018963276958792574,0.002230847128685567
Hexachlorobenzene,Carrot,0.002725288101851842,0.003213077550719673
Dicloran,Carrot,0.002092549898894905,0.002147211924244799
Dimethoate (raw),Carrot,0.0034058080643848015,NaN
Simazine,Carrot,0.0034849576982698325,0.0036465933221491655
beta-BHC,Carrot,0.0024886430930216655,0.0025214706593006952
Quintozene,Carrot,0.0034994790995595258,0.005054142572470339
Lindane (gamma-BHC),Carrot,0.016811081898651693,NaN
Terbufos (raw),Carrot,0.0022070392434712684,NaN
Diazinon,Carrot,0.002587380547047167,NaN
Pyrimethanil,Carrot,0.003388957792690089,0.00371879771735234
Chlorothalonil,Carrot,0.005135213941231877,0.011651944540059647
Disulfoton (raw),Carrot,0.003769846108601739,0.0047873743389487
delta-BHC,Carrot,0.003688923144801742,0.004406952222472633
Pirimicarb (raw),Carrot,0.0019082124103921394,NaN
Chlorpyrifos-methyl,Carrot,0.0037461359986838295,NaN
Metribuzin,Carrot,0.0037888914490518746,NaN
Vinclozolin,Carrot,0.0030672517557796463,0.0032517031644028844
Parathion-methyl,Carrot,0.002233476185907488,0.0025274637067850495
Tolclofos-methyl,Carrot,0.0021756630078689876,0.002245335906570182
Fipronyl-desulfonyl,Carrot,0.0024669115065101897,0.0044248802589587025
Heptachlor (raw),Carrot,0.0033495498394536735,0.004408615019998666
Metalaxyl,Carrot,0.003744138911749429,0.003745557913266416
Fenthion-oxon,Carrot,0.0038480821857045217,0.004540289181356198
Pirimiphos-methyl,Carrot,0.004813260618102633,NaN
Fenitrothion,Carrot,0.003451346183185695,0.0035880892343615814
Linuron (raw),Carrot,0.0047075324645467825,NaN
Malathion,Carrot,0.0021331852627184946,0.0027688329769817786
"o,p-Dicofol",Carrot,0.0023198378432656925,0.00385978877501802
Chlorpyrifos,Carrot,0.002976984198922614,0.003476903286343327
Aldrin,Carrot,0.007483593695757051,0.008922306106523328
Fenthion (raw),Carrot,0.0032981127359518227,NaN
Chlorthal-dimethyl,Carrot,0.0036862681692835385,0.004089741022687505
Phorate-sulfoxide,Carrot,0.002339591946513425,NaN
Parathion (ethyl),Carrot,0.003015602285258643,0.0033992305051600866
Triadimefon,Carrot,0.0025979699034145137,0.004994468572984578
Phorate-sulfone,Carrot,0.0030324642920469278,0.004332174360973662
Dicofol (raw),Carrot,0.0021792123959510383,0.0039052022690130644
Pendimethalin,Carrot,0.005306564368480361,0.006648222871334771
Cyprodinil,Carrot,0.0043203282870560335,0.0046753479262288625
Fipronil-sulfide,Carrot,0.0026745876406689436,NaN
Fipronil (raw),Carrot,0.004286064535952441,NaN
Heptachlor-exo-epoxide,Carrot,0.004413552540952252,0.004572041997533587
Heptachlor-endo-epoxide,Carrot,0.05629135708561024,NaN
Captan (raw),Carrot,0.00865037241147124,0.009607163250111125
Procymidone,Carrot,0.0038938626923232253,0.004196875497983975
Trifloxystrobin Metabolite,Carrot,0.009785202709371539,0.013493288404713992
Bromophos-ethyl,Carrot,0.0029393118188198327,NaN
Methidathion,Carrot,0.003530620701758053,0.003626756576516559
Chlordane-trans,Carrot,0.0047444595925560185,0.006459120904360198
Paclobutrazol,Carrot,0.003744630017538979,NaN
Chlordane-cis,Carrot,0.005573820609821974,NaN
alpha-Endosulfan,Carrot,0.014469536691390363,NaN
Fenamiphos (raw),Carrot,0.00686346157284389,NaN
Hexaconazole,Carrot,0.0054813442621892425,0.006982760647373171
Prothiofos,Carrot,0.004761481862173743,0.005295497124531215
Fludioxonil,Carrot,0.0052799633235859405,0.008755283924501788
"p,p'-DDE",Carrot,0.003403239353210131,0.0038470547971461103
Fipronil-sulfone,Carrot,0.004445015042737059,0.004678517048030016
Dieldrin (raw),Carrot,0.01030902332448433,0.013743811965642535
Flusilazole,Carrot,0.00305536192748691,0.00426388384482702
Oxyfluorfen,Carrot,0.008000163688801566,0.0086600109974636
Buprofezin,Carrot,0.004678531515642185,0.005522201633800937
Kresoxim-methyl,Carrot,0.003330844308808772,0.004420254940780747
Fenthion-oxon-sulfone,Carrot,0.01928581566110922,0.028740649553110197
Chlorfenapyr,Carrot,0.010386401671538592,NaN
Cyproconazole,Carrot,0.002877204055085972,0.003172307364302116
Endrin,Carrot,0.006092823387018275,0.008125541740181303
beta-Endosulfan,Carrot,0.012563923472222878,NaN
"p,p'-DDD",Carrot,0.0025291331095286932,NaN
"o,p'-DDT",Carrot,0.002834041368115585,0.0035093950677426724
Benalaxyl,Carrot,0.0028425687019660324,0.0036855481690139993
Trifloxystrobin (raw),Carrot,0.0056292281463633685,0.007088293357437202
Endosulfan sulfate,Carrot,0.00808629420490338,0.011118108964152829
Propiconazole,Carrot,0.0030025251277644885,0.003903661110807033
"p,p'-DDT",Carrot,0.003050203480071654,0.003090862878442413
Tebuconazole,Carrot,0.002871854939520935,0.0029414075255381595
Piperonyl butoxide,Carrot,0.0033211350612762,0.004001396439917913
Bioresmethrin,Carrot,0.0034375189465567263,0.004360955318793926
Iprodione,Carrot,0.013500276246438767,NaN
Phosmet,Carrot,0.007560465363186082,0.009355094250480539
Bifenthrin,Carrot,0.0027079389456435925,0.003882175997580541
Fenoxycarb,Carrot,0.004521686544459837,0.0066245133822055505
Tebufenpyrad,Carrot,0.0029321753666778465,0.0029943317199301015
Tetradifon,Carrot,0.004575041677319049,0.005279248748348451
Phenothrin,Carrot,0.004510801146595468,0.004729404688487019
Azinphos-methyl,Carrot,0.01031968661084394,0.011731264321676241
Pyriproxyfen,Carrot,0.0034955361557095946,0.004378197840039966
Cyhalothrin,Carrot,0.002957253927827435,0.003409737057710033
Fenarimol,Carrot,0.0019924520268666604,0.002359812197070389
Azinphos-ethyl,Carrot,0.002891006854872638,0.004238253795856875
Bitertanol,Carrot,0.0033591949148851835,0.003846307797546809
Permethrin,Carrot,0.004431460757407702,0.005522901670059213
Cyfluthrin,Carrot,0.0027080435742432166,0.0037814615826000817
Cypermethrin,Carrot,0.002743020580448107,0.0037045421651077507
Boscalid,Carrot,0.003333375952108495,0.003563844328047704
Fenvalerate,Carrot,0.0038052716149431513,0.005786661827171244
Pyraclostrobin,Carrot,0.003697820250252116,0.0037277748647385994
tau-Fluvalinate,Carrot,0.0026412779494686322,0.0030096456048290298
Difenoconazole,Carrot,0.0016204766102737805,0.0025478505012796054
Indoxacarb,Carrot,0.005124941811516358,0.0162427821542014
Deltamethrin,Carrot,0.00278720802442669,0.0033390925077796444
Azoxystrobin,Carrot,0.004636096127302292,0.016451769273999016
Dimethomorph,Carrot,0.0030704448775432766,0.003244513002878913
Dichlorvos,Onion,0.00169751545800288,0.002178074260210883
Mevinphos,Onion,0.002212404423547679,NaN
"3,4 Dichloroaniline",Onion,0.0033542562395611495,0.006037286805576576
Methacrifos,Onion,0.002667717352534909,0.0037398365674211477
THP,Onion,0.0040562945401961875,0.048413303492966075
2-Phenylphenol (raw),Onion,0.003976527758720288,0.004881640671563036
Diphenylamine,Onion,0.002200792065208728,0.0037562590849041714
Phorate-Oxon,Onion,0.0021306676053398006,0.002287802914778875
Ethoprophos,Onion,0.0026204767529398945,0.002813085071420276
Phorate (raw),Onion,0.0023403343947746183,0.003045224989733152
alpha-BHC,Onion,0.002609906341444288,0.0027253350290208653
Hexachlorobenzene,Onion,0.002862571826228549,0.003090641128477068
Dicloran,Onion,0.0036988065428283554,0.00407858910845972
Dimethoate (raw),Onion,0.003817334522561896,0.004796580060012429
Simazine,Onion,0.0032370369068807246,0.003959779334881225
beta-BHC,Onion,0.002615775401746287,NaN
Quintozene,Onion,0.0040738346274031,NaN
Lindane (gamma-BHC),Onion,0.00235078811505945,NaN
Terbufos (raw),Onion,0.002466587193056911,0.0028980707868708567
Diazinon,Onion,0.0025479961002686175,0.0037509510812066557
Pyrimethanil,Onion,0.0034731985167145187,0.0043483301197047965
Chlorothalonil,Onion,0,0
Disulfoton (raw),Onion,0.0043481541422130355,NaN
delta-BHC,Onion,0.0030695043806544956,0.003427372508631819
Pirimicarb (raw),Onion,0.0021243957123984994,0.0025957155960895043
Chlorpyrifos-methyl,Onion,0.003813205126049914,NaN
Metribuzin,Onion,0.00492498457011522,NaN
Vinclozolin,Onion,0.0034046954039459653,0.005188770908164564
Parathion-methyl,Onion,0.0035871007880309246,0.0035901927070102224
Tolclofos-methyl,Onion,0.0030634753063115967,0.0031988937288436694
Fipronyl-desulfonyl,Onion,0.0036408338919224834,NaN
Heptachlor (raw),Onion,0.002189673092945214,0.0032048053842660073
Metalaxyl,Onion,0.004120046809720213,0.004167860101194525
Fenthion-oxon,Onion,0.0029036083189440693,0.004832766211156989
Pirimiphos-methyl,Onion,0.005185995794536703,0.005256385297384295
Fenitrothion,Onion,0.004777806995111844,0.005823149789365524
Linuron (raw),Onion,0.0065725519916193685,NaN
Malathion,Onion,0.002340606352046,NaN
"o,p-Dicofol",Onion,0.00249413247952005,0.0037932020289793487
Chlorpyrifos,Onion,0.0020200447896967424,0.003936295350762613
Aldrin,Onion,0.00559001064825632,NaN
Fenthion (raw),Onion,0.00333575840356944,0.004236921212454186
Chlorthal-dimethyl,Onion,0.0033728949931654617,0.004785114603508204
Phorate-sulfoxide,Onion,0.0020808175285934078,0.002226266665362914
Parathion (ethyl),Onion,0.004795826227705622,NaN
Triadimefon,Onion,0.0023498017478009174,0.003627070555741441
Phorate-sulfone,Onion,0.0025115946998884864,0.0026821269101041352
Dicofol (raw),Onion,0.002606379840509798,0.004528332275493804
Pendimethalin,Onion,0.003699888672713835,NaN
Cyprodinil,Onion,0.0034867080940814824,0.004089179932089903
Fipronil-sulfide,Onion,0.0026661451871063135,0.00279256581113567
Fipronil (raw),Onion,0.004937450984285537,0.005491499491638567
Heptachlor-exo-epoxide,Onion,0.005750848798635032,0.0068763110561911546
Heptachlor-endo-epoxide,Onion,0.01327599169763056,NaN
Captan (raw),Onion,0,0
Procymidone,Onion,0.00434908474224613,0.0051935914853795334
Trifloxystrobin Metabolite,Onion,0.005471049056422148,0.008668903021249964
Bromophos-ethyl,Onion,0.0032904052435325745,0.0037188835095796078
Methidathion,Onion,0.0024245588700391907,0.004118982768550875
Chlordane-trans,Onion,0.0036017887972065415,NaN
Paclobutrazol,Onion,0.0025516670554570292,0.003128261019608614
Chlordane-cis,Onion,0.004093028141251825,NaN
alpha-Endosulfan,Onion,0.014731999400936934,0.01474346508067333
Fenamiphos (raw),Onion,0.002998655783503084,0.003929778948622175
Hexaconazole,Onion,0.005230644289429331,0.005404398246628691
Prothiofos,Onion,0.003922927114140302,0.004134127584431056
Fludioxonil,Onion,0.004316458535155214,0.0050642346024689176
"p,p'-DDE",Onion,0.003539702256333443,0.0037702403431211042
Fipronil-sulfone,Onion,0.003351595687250126,0.0035814856492498073
Dieldrin (raw),Onion,0.006941738037705472,NaN
Flusilazole,Onion,0.003284921056769299,0.0034357629934177315
Oxyfluorfen,Onion,0.006611842189802865,0.007304486320622639
Buprofezin,Onion,0.003699445904456505,NaN
Kresoxim-methyl,Onion,0.0033667979700939253,0.004405735670999916
Fenthion-oxon-sulfone,Onion,0.023951929438137624,0.04396049521395069
Chlorfenapyr,Onion,0.009037545319212812,NaN
Cyproconazole,Onion,0.0020901116397615367,0.0037810005694422248
Endrin,Onion,0.005864109697105139,NaN
beta-Endosulfan,Onion,0.012738458018866047,NaN
"p,p'-DDD",Onion,0.002728829913793212,0.003094338367401468
"o,p'-DDT",Onion,0.003117062363472663,0.004123523607156327
Benalaxyl,Onion,0.0030134252514425718,0.0036291309092484655
Trifloxystrobin (raw),Onion,0.003970323444502754,0.0039914237140782375
Endosulfan sulfate,Onion,0.00994849410316129,NaN
Propiconazole,Onion,0.002366381605904234,0.0034250965525891137
"p,p'-DDT",Onion,0.002498311175606182,0.002638386566344932
Tebuconazole,Onion,0.00272070689927196,0.0031969742284990526
Piperonyl butoxide,Onion,0.0027849715737627654,0.002860037224437837
Bioresmethrin,Onion,0.00643169729999245,0.007555701140720905
Iprodione,Onion,0.013848858585709655,0.013889081332907113
Phosmet,Onion,0.003785655884545037,0.008390971135609956
Bifenthrin,Onion,0.0020281307368397814,0.0025844149589940293
Fenoxycarb,Onion,0.003902730830650244,NaN
Tebufenpyrad,Onion,0.0025422268703476194,0.0033492912236292994
Tetradifon,Onion,0.004554432517400553,0.0076556895831268726
Phenothrin,Onion,0.004044919211624803,0.004498450753723266
Azinphos-methyl,Onion,0.004037422956166984,0.008509983532762628
Pyriproxyfen,Onion,0.002898958214627924,0.003095327947413782
Cyhalothrin,Onion,0.003952993842325121,0.004623613011370175
Fenarimol,Onion,0.0027543820786014132,0.003092037062727242
Azinphos-ethyl,Onion,0.003161994297355381,0.003942416555783992
Bitertanol,Onion,0.0023734891602134617,0.002434056131583801
Permethrin,Onion,0.0029387001769759897,0.0033812271853443363
Cyfluthrin,Onion,0.0025779215203491665,0.002858482424068316
Cypermethrin,Onion,0.002665139145835854,0.0033550885305188355
Boscalid,Onion,0.002749950648907826,0.0029915158944820563
Fenvalerate,Onion,0.0037015770984639832,0.0043924064809484145
Pyraclostrobin,Onion,0.002552096243893485,0.004356759545981002
tau-Fluvalinate,Onion,0.0021685076427869474,0.004207636158321711
Difenoconazole,Onion,0.002315690441795322,0.0023981428472145405
Indoxacarb,Onion,0.0037993683685581237,0.0062882399687640735
Deltamethrin,Onion,0.0036383189908754648,0.0041260750402889205
Azoxystrobin,Onion,0.0022082051175716984,0.002523464711395794
Dimethomorph,Onion,0.0025310553668067555,0.002809111874562765
Dichlorvos,Avocado,0.004160944833179346,0.005233560948730951
Mevinphos,Avocado,0.0027981162881311403,0.004873097535637547
"3,4 Dichloroaniline",Avocado,0.003326108479747412,0.018030458555297092
Methacrifos,Avocado,0.0029418936240520463,NaN
THP,Avocado,0.003829362125173623,0.014227286660297737
2-Phenylphenol (raw),Avocado,0.0018212776781568259,0.002912591419253652
Diphenylamine,Avocado,0.0027704065371263434,0.0028968697039446966
Phorate-Oxon,Avocado,0.003949674187888953,0.0089732301421324
Ethoprophos,Avocado,0.002185472053181669,NaN
Phorate (raw),Avocado,0.0024607253092572183,0.0028798876820501982
alpha-BHC,Avocado,0.0030951409691720956,0.004332624575737627
Hexachlorobenzene,Avocado,0.0033123164818885205,0.009174588351995474
Dicloran,Avocado,0.004986084445257427,NaN
Dimethoate (raw),Avocado,0.00490043486894397,0.01062217760832764
Simazine,Avocado,0.0021092014963916958,0.0050692243700871725
beta-BHC,Avocado,0.003848172417184685,NaN
Quintozene,Avocado,0.005492499864533888,0.0070843629903888945
Lindane (gamma-BHC),Avocado,0.003813455813051356,0.0045876557972766045
Terbufos (raw),Avocado,0.001806061882607986,0.003662696397185975
Diazinon,Avocado,0.0029029291446825943,0.004897467796354212
Pyrimethanil,Avocado,0.005538222166174334,0.006395998828987397
Chlorothalonil,Avocado,0.008803231819973306,0.040170821322376336
Disulfoton (raw),Avocado,0.005889193897462093,0.009693346339902749
delta-BHC,Avocado,0.003508954531589417,0.008363206652367505
Pirimicarb (raw),Avocado,0.0034014006218727297,0.005456256753040683
Chlorpyrifos-methyl,Avocado,0.0034143684488880067,0.007262735120364187
Metribuzin,Avocado,0.0046821306708642405,0.004781637495969048
Vinclozolin,Avocado,0.006208016706531275,NaN
Parathion-methyl,Avocado,0.0025481258285444315,0.004769020243365783
Tolclofos-methyl,Avocado,0.002620472058527578,0.003740197801164619
Fipronyl-desulfonyl,Avocado,0.0033728658155230185,0.005979414687074301
Heptachlor (raw),Avocado,0.006947363494435093,0.008328704115581113
Metalaxyl,Avocado,0.0037793568361876194,0.0049356148429097494
Fenthion-oxon,Avocado,0.0075855708891477535,NaN
Pirimiphos-methyl,Avocado,0.009172332621219408,0.010240683770219285
Fenitrothion,Avocado,0.018359893920224715,0.019929518461880825
Linuron (raw),Avocado,0.009709712736665873,0.010250402381350297
Malathion,Avocado,0.0030592548890523204,0.005472083045526883
"o,p-Dicofol",Avocado,0.004088946190937333,0.006924664878062287
Chlorpyrifos,Avocado,0.005536119923694192,NaN
Aldrin,Avocado,0.014286852014218893,0.014381960710471677
Fenthion (raw),Avocado,0.007323146929591189,0.07590523689281986
Chlorthal-dimethyl,Avocado,0.00533665402574274,0.005887175356099847
Phorate-sulfoxide,Avocado,0.001802881291816226,0.009039727792994024
Parathion (ethyl),Avocado,0.004018113748419535,0.004952189373583837
Triadimefon,Avocado,0.0035681247575882636,0.004810693445707326
Phorate-sulfone,Avocado,0.004260871808847186,0.007187640184968319
Dicofol (raw),Avocado,0.004958236293568214,0.024039513603351353
Pendimethalin,Avocado,0.006291572027039714,0.007260681013204634
Cyprodinil,Avocado,0.0045927730496633816,NaN
Fipronil-sulfide,Avocado,0.0022922649435500623,0.004137437094903767
Fipronil (raw),Avocado,0.007212074036278459,0.007351509285548793
Heptachlor-exo-epoxide,Avocado,0.006883067560878578,0.010150904453519878
Heptachlor-endo-epoxide,Avocado,0.02117488679904525,0.02137858603407453
Captan (raw),Avocado,0,0
Procymidone,Avocado,0.004239449088198665,0.004689756640481324
Trifloxystrobin Metabolite,Avocado,0.011183455360912566,NaN
Bromophos-ethyl,Avocado,0.006272170392182549,0.011619260531811925
Methidathion,Avocado,0.005548656207973759,0.015421876755215662
Chlordane-trans,Avocado,0.00783887777439506,0.008506586463753029
Paclobutrazol,Avocado,0.00309925682335989,0.00546810734707939
Chlordane-cis,Avocado,0.012767461059457431,0.013791074494552105
alpha-Endosulfan,Avocado,0.0263491488974321,NaN
Fenamiphos (raw),Avocado,0.011138469481080096,0.011800960787588617
Hexaconazole,Avocado,511.17189166787784,NaN
Prothiofos,Avocado,0.007364260865507011,NaN
Fludioxonil,Avocado,0.002937562562656955,0.004108849459100548
"p,p'-DDE",Avocado,0.0059807054847432544,NaN
Fipronil-sulfone,Avocado,0.004346383280274261,0.0064010254280554325
Dieldrin (raw),Avocado,0.01337761180551475,0.016724499138347053
Flusilazole,Avocado,0.0032919125284913186,NaN
Oxyfluorfen,Avocado,0.008719218373662801,NaN
Buprofezin,Avocado,0.005720229973731912,0.007044788709335699
Kresoxim-methyl,Avocado,0.004746542350565744,NaN
Fenthion-oxon-sulfone,Avocado,0,0
Chlorfenapyr,Avocado,0.014888175797303994,0.01497569970427602
Cyproconazole,Avocado,0.003379093989588959,NaN
Endrin,Avocado,0.010224141132865973,0.013787510911794669
beta-Endosulfan,Avocado,0.012631611611538801,0.01290250766640472
"p,p'-DDD",Avocado,0.004756512327726004,0.010095389582196735
"o,p'-DDT",Avocado,0.006884480649222842,NaN
Benalaxyl,Avocado,0.0059141625821090725,0.006892910658563535
Trifloxystrobin (raw),Avocado,0.004560612427545853,0.006566131405375088
Endosulfan sulfate,Avocado,0.009431707036324214,0.01473204469231364
Propiconazole,Avocado,0.0035261728882877053,0.0057868051881598895
"p,p'-DDT",Avocado,0.005029784147598042,0.005296892909036007
Tebuconazole,Avocado,0.004958572663291611,0.005557074182462184
Piperonyl butoxide,Avocado,0.008372265296231134,0.00943884061974234
Bioresmethrin,Avocado,0,0
Iprodione,Avocado,0.010299482303217271,0.018940805830539628
Phosmet,Avocado,0.005331030455201484,0.023844854405775953
Bifenthrin,Avocado,0.004332360238726137,0.006404677738869884
Fenoxycarb,Avocado,0.004926638958617871,0.0057212322955454056
Tebufenpyrad,Avocado,0.00332164438622972,0.010659804627378373
Tetradifon,Avocado,0.0064661442474299394,0.009847244408918635
Phenothrin,Avocado,0.006563229097820387,NaN
Azinphos-methyl,Avocado,0.006270518699589748,0.0514132352232618
Pyriproxyfen,Avocado,435.96188292316447,NaN
Cyhalothrin,Avocado,0.007325876349332835,0.01163200787236911
Fenarimol,Avocado,0.0037846651735907125,0.004393556970968144
Azinphos-ethyl,Avocado,0.005245637643386575,0.018827956417443257
Bitertanol,Avocado,0.00485514283052125,0.01461036359882244
Permethrin,Avocado,0.006771362140522039,NaN
Cyfluthrin,Avocado,0.00306396141030032,0.010343548270121164
Cypermethrin,Avocado,0.006343160170796647,0.008385814552819877
Boscalid,Avocado,0.004399462088331557,0.010606671418094774
Fenvalerate,Avocado,0.007488951703612966,0.01052047483796841
Pyraclostrobin,Avocado,0.004558044954750206,0.009886697463495782
tau-Fluvalinate,Avocado,0.0036775638934593868,0.008619536483110528
Difenoconazole,Avocado,0.003963166122468969,0.00787951522646423
Indoxacarb,Avocado,0.005523197400402191,0.0075093093244726706
Deltamethrin,Avocado,0.005088011352562953,0.012977635511501608
Azoxystrobin,Avocado,0.00726835885714172,0.01648244022328871
Dimethomorph,Avocado,0.005959120261054838,0.015285643524535814
Dichlorvos,Orange,0.0016636482190731888,0.0020693623520828077
Mevinphos,Orange,0.002039215535444945,0.0022545957599570585
"3,4 Dichloroaniline",Orange,0.002794324747349671,0.0032806475426841774
Methacrifos,Orange,0.002615846095176625,0.0027876833090027487
THP,Orange,0.0025957523300057252,0.003305089149435201
2-Phenylphenol (raw),Orange,0.00402872779162946,0.005122994646655397
Diphenylamine,Orange,0.002743312214233354,0.0039295121817338324
Phorate-Oxon,Orange,0.001697757157275255,0.001982493962897537
Ethoprophos,Orange,0.0020790981714073073,0.002912138214369614
Phorate (raw),Orange,0.0022900883742564956,0.0027244757343773286
alpha-BHC,Orange,0.002168530334010528,0.0022841790975446463
Hexachlorobenzene,Orange,0.0028533942472358637,0.0036399225341237386
Dicloran,Orange,0.004029791636663194,NaN
Dimethoate (raw),Orange,0.006142741619437905,0.006624862981512111
Simazine,Orange,0.0035271466502065788,0.004028724330093977
beta-BHC,Orange,0.0028057537255172568,0.0033177293275908548
Quintozene,Orange,0.00551271862756178,NaN
Lindane (gamma-BHC),Orange,0.0026013354323781513,0.002941729904313441
Terbufos (raw),Orange,0.002111200666438003,0.0021712650314355247
Diazinon,Orange,0.0038715291675561697,0.003921608634949995
Pyrimethanil,Orange,0.002802785179407222,0.002917346548552943
Chlorothalonil,Orange,0.014778998344390327,0.015954548772391282
Disulfoton (raw),Orange,0.005870565398259191,0.0062282449674165566
delta-BHC,Orange,0.0055878065946919275,0.0057951425824582185
Pirimicarb (raw),Orange,0.0033551214109983686,NaN
Chlorpyrifos-methyl,Orange,0.003639486489157764,0.0041807061702100815
Metribuzin,Orange,0.003467646610580871,NaN
Vinclozolin,Orange,0.004716310940649364,0.00503759708132176
Parathion-methyl,Orange,0.0030544682336662438,0.0043490135717906215
Tolclofos-methyl,Orange,0.0024357877380350498,NaN
Fipronyl-desulfonyl,Orange,0.003952554127015104,0.004319365111447098
Heptachlor (raw),Orange,0.00296791573490957,0.002998654233299391
Metalaxyl,Orange,0.00418208271953292,0.005020862394417263
Fenthion-oxon,Orange,0.0043053617365489336,0.005305550167987672
Pirimiphos-methyl,Orange,0.007176447036207541,0.008048062639225539
Fenitrothion,Orange,0.0051263536346316954,0.005718997878535526
Linuron (raw),Orange,0.010422024983749792,0.013924080619144501
Malathion,Orange,0.0032047670345957693,0.003932228860267907
"o,p-Dicofol",Orange,0.002921051398014296,0.0037714522906902035
Chlorpyrifos,Orange,0.004042714002738318,0.0054253589492208815
Aldrin,Orange,0.008434624501196862,NaN
Fenthion (raw),Orange,0.003406846048767101,NaN
Chlorthal-dimethyl,Orange,0.00408720807413445,NaN
Phorate-sulfoxide,Orange,0.002745698222703786,0.003573008983654938
Parathion (ethyl),Orange,0.0026815231989797657,0.004247467032300099
Triadimefon,Orange,0.003630921436245967,0.0036530597556338022
Phorate-sulfone,Orange,0.0031089622113731202,0.00343104573416502
Dicofol (raw),Orange,0.00234160235464982,0.0026249583087068267
Pendimethalin,Orange,0.005733882310372817,0.005961364554104938
Cyprodinil,Orange,0.0028276486389572563,0.002902984741290121
Fipronil-sulfide,Orange,0.0037215242652900798,NaN
Fipronil (raw),Orange,0.004517140196579637,0.00779784934592665
Heptachlor-exo-epoxide,Orange,0.007693949488407022,NaN
Heptachlor-endo-epoxide,Orange,0.019831870214139565,0.021891907615546415
Captan (raw),Orange,0.0061594404780630115,0.006423334377393841
Procymidone,Orange,0.003569022586398443,0.003900552987134283
Trifloxystrobin Metabolite,Orange,0.0122217264257304,0.018708949493663793
Bromophos-ethyl,Orange,0.004848243340846614,NaN
Methidathion,Orange,0.006274650183128535,0.007016078764130989
Chlordane-trans,Orange,0.004866806097154641,0.005533178405338667
Paclobutrazol,Orange,0.0045155078464233795,0.0055258629393507225
Chlordane-cis,Orange,0.00705316229876347,NaN
alpha-Endosulfan,Orange,0.016550553340387623,NaN
Fenamiphos (raw),Orange,0.005754576646544242,0.005976095635749065
Hexaconazole,Orange,0.008214083530983142,NaN
Prothiofos,Orange,0.004957973216214304,0.005146444714293441
Fludioxonil,Orange,0.004338142752340288,0.004893686686717402
"p,p'-DDE",Orange,0.00494265946021801,0.005014343440177835
Fipronil-sulfone,Orange,0.003904586436243306,0.004162149660442105
Dieldrin (raw),Orange,0.008716358730789455,0.010920513026497644
Flusilazole,Orange,0.004619879061153282,0.004784855573279391
Oxyfluorfen,Orange,0.005591789758066075,NaN
Buprofezin,Orange,0.006457548923178063,0.007003004942972165
Kresoxim-methyl,Orange,0.004466009546546145,0.0045758654064217315
Fenthion-oxon-sulfone,Orange,0.014485301088311822,0.017673934880203107
Chlorfenapyr,Orange,0.010087654564028976,0.010788676004587994
Cyproconazole,Orange,0.0034823277199606544,NaN
Endrin,Orange,0.011632573109284864,NaN
beta-Endosulfan,Orange,0.011353676000756706,NaN
"p,p'-DDD",Orange,0.003189469777301148,0.003988044804229784
"o,p'-DDT",Orange,0.004544499029438935,0.0053198394559173185
Benalaxyl,Orange,0.00467878240164092,0.005046594797248839
Trifloxystrobin (raw),Orange,0.004164456556706819,0.004762609400246856
Endosulfan sulfate,Orange,0.013646680159111213,0.020529854600848323
Propiconazole,Orange,0.00442881868229384,NaN
"p,p'-DDT",Orange,0.004196564354439523,0.004372548953841629
Tebuconazole,Orange,0.00397678421572163,0.004219187383474541
Piperonyl butoxide,Orange,0.004159327631866277,0.006342016836229656
Bioresmethrin,Orange,0.005083885215943504,0.005156960358200796
Iprodione,Orange,0.023880119844957307,0.03194966661169783
Phosmet,Orange,0.01062695151079078,0.013828380926472162
Bifenthrin,Orange,0.00408561160932145,0.0041360924245255545
Fenoxycarb,Orange,0.0037804041524095743,0.004071811343744651
Tebufenpyrad,Orange,0.004122679241341021,0.004295100990315228
Tetradifon,Orange,0.004732135831081932,0.005623782770792375
Phenothrin,Orange,0.007842918654166513,0.012503245265804826
Azinphos-methyl,Orange,0.009938315624909357,0.0132251326652554
Pyriproxyfen,Orange,0.005363803140215358,0.0053826004008127835
Cyhalothrin,Orange,0.004626924310103693,0.00488547416563932
Fenarimol,Orange,0.003782377055566532,NaN
Azinphos-ethyl,Orange,0.005255885891829894,0.006459817608680217
Bitertanol,Orange,0.0038504640000749254,NaN
Permethrin,Orange,0.005208490473819942,0.0056429517171098275
Cyfluthrin,Orange,0.0037501326960649333,0.003979170853365323
Cypermethrin,Orange,0.004423468796145871,0.00501747849783041
Boscalid,Orange,0.004540833431647572,NaN
Fenvalerate,Orange,0.005565333316220599,0.0070075607855562255
Pyraclostrobin,Orange,0.004653075787660713,0.005696153075887771
tau-Fluvalinate,Orange,0.005786981009675886,0.005976790996198969
Difenoconazole,Orange,0.003565458852012853,0.0035684484709458688
Indoxacarb,Orange,0.0071721698693575815,NaN
Deltamethrin,Orange,0.004267136506868978,NaN
Azoxystrobin,Orange,0.004786435032198842,0.005077894804567983
Dimethomorph,Orange,0.004386465294263454,0.0047871616148330125
Dichlorvos,Strawberries,0.0015086991137642455,0.0017591243183319775
Mevinphos,Strawberries,0.002346171146276211,0.0028972812731093626
"3,4 Dichloroaniline",Strawberries,0.005333502080663738,0.007326636011028201
Methacrifos,Strawberries,0.0024563642638715834,NaN
THP,Strawberries,0.003610925880475208,0.004391967854237208
2-Phenylphenol (raw),Strawberries,0.005555800915216793,NaN
Diphenylamine,Strawberries,0.0040684016595577245,0.004636710436664057
Phorate-Oxon,Strawberries,0.0020750176897314414,0.0023220362574586035
Ethoprophos,Strawberries,0.0029602635554052165,0.0030026001203945236
Phorate (raw),Strawberries,0.002356379722545877,0.002811571933046333
alpha-BHC,Strawberries,0.002624347235542281,NaN
Hexachlorobenzene,Strawberries,0.003321810082202506,NaN
Dicloran,Strawberries,0.00689588570689362,0.007029804334374598
Dimethoate (raw),Strawberries,0.002995596238713893,0.004733391371685951
Simazine,Strawberries,0.003586618206434884,NaN
beta-BHC,Strawberries,0.0033636030379379477,NaN
Quintozene,Strawberries,0.0035774048410580263,0.004361906763359906
Lindane (gamma-BHC),Strawberries,0.0038250525465837707,0.004103244526744474
Terbufos (raw),Strawberries,0.0025096123143334256,0.002517400262499522
Diazinon,Strawberries,0.004057676440432142,NaN
Pyrimethanil,Strawberries,0.0031305364923857226,NaN
Chlorothalonil,Strawberries,0.010204611391463845,0.010238793409195758
Disulfoton (raw),Strawberries,0.004859097832523206,NaN
delta-BHC,Strawberries,0.004573754319093731,0.005148920301588365
Pirimicarb (raw),Strawberries,0.003086769513868184,NaN
Chlorpyrifos-methyl,Strawberries,0.0035230488239411367,0.004787505208608025
Metribuzin,Strawberries,0.007729207129915906,NaN
Vinclozolin,Strawberries,0.004110288871013158,0.004134932486349287
Parathion-methyl,Strawberries,0.002981100254966063,0.005777906018548908
Tolclofos-methyl,Strawberries,0.0031890885397376,0.0032026363502334625
Fipronyl-desulfonyl,Strawberries,0.0027752288622914056,0.003784811842122686
Heptachlor (raw),Strawberries,0.0033881464708504718,0.004138672188394872
Metalaxyl,Strawberries,0.005199557215580495,0.0066752920902231555
Fenthion-oxon,Strawberries,0.0035559286510598886,0.004540819024687727
Pirimiphos-methyl,Strawberries,0.007148768680744513,NaN
Fenitrothion,Strawberries,0.004986087469546466,NaN
Linuron (raw),Strawberries,0.008260514031432431,0.01026741507122888
Malathion,Strawberries,0.0028408362842041405,0.0033873985161895236
"o,p-Dicofol",Strawberries,0.002306602325004094,0.0030922434231080735
Chlorpyrifos,Strawberries,0.0032018295860980345,0.004768121965179785
Aldrin,Strawberries,0.008407500336292706,NaN
Fenthion (raw),Strawberries,0.003701340812398102,0.0037956872232309475
Chlorthal-dimethyl,Strawberries,0.003822617527546379,0.003960076529872749
Phorate-sulfoxide,Strawberries,0.0018732507183952271,0.0023342943113439647
Parathion (ethyl),Strawberries,0.0040148782819716495,0.006236951494566737
Triadimefon,Strawberries,0.004375978257976806,0.005093598089425454
Phorate-sulfone,Strawberries,0.004098864728615966,0.004950709699690767
Dicofol (raw),Strawberries,0.0048114516174088936,NaN
Pendimethalin,Strawberries,0.00487700467532835,0.006237135713190939
Cyprodinil,Strawberries,0.004076346013943961,NaN
Fipronil-sulfide,Strawberries,0.002640497187429937,0.0026874856114153696
Fipronil (raw),Strawberries,0.004945835509687816,0.007191327921803566
Heptachlor-exo-epoxide,Strawberries,0.00793589134430225,0.008269322250111582
Heptachlor-endo-epoxide,Strawberries,0.041770808786360206,NaN
Captan (raw),Strawberries,0.008595857252465394,0.01223691348750494
Procymidone,Strawberries,0.003756562300489679,0.004538270295929008
Trifloxystrobin Metabolite,Strawberries,0.004548109846365105,0.015554616328140217
Bromophos-ethyl,Strawberries,0.005658184968950481,0.006695241126464123
Methidathion,Strawberries,0.0037290766549392235,0.004462272155428849
Chlordane-trans,Strawberries,0.007311910700715519,0.008610772678595634
Paclobutrazol,Strawberries,0.004639317136396639,0.004843646164127322
Chlordane-cis,Strawberries,0.005150190010364387,0.005583692789728676
alpha-Endosulfan,Strawberries,0.011677466429933425,NaN
Fenamiphos (raw),Strawberries,0.007320122082423716,NaN
Hexaconazole,Strawberries,0.007451692467816997,NaN
Prothiofos,Strawberries,0.005031749514294525,0.005056254293742871
Fludioxonil,Strawberries,0.005209454469809277,0.006971177395943549
"p,p'-DDE",Strawberries,0.004049256055521128,0.004614777358446146
Fipronil-sulfone,Strawberries,0.003908131734063429,NaN
Dieldrin (raw),Strawberries,0.010037316643248103,0.010126595515507361
Flusilazole,Strawberries,0.004458268579859083,0.005822859771484054
Oxyfluorfen,Strawberries,0.00565128247841087,NaN
Buprofezin,Strawberries,0.005128690541129053,0.0054542524756401945
Kresoxim-methyl,Strawberries,0.0032250852086688512,0.003730457833330715
Fenthion-oxon-sulfone,Strawberries,0.0265111762595828,0.03147543643286707
Chlorfenapyr,Strawberries,0.008517884639401894,NaN
Cyproconazole,Strawberries,0.0030171149364388683,0.004039629453606976
Endrin,Strawberries,0.008793880899229944,0.009075975276017688
beta-Endosulfan,Strawberries,0.014969250492842328,0.016821794880249763
"p,p'-DDD",Strawberries,0.0038393185159174624,NaN
"o,p'-DDT",Strawberries,0.003791548035820791,NaN
Benalaxyl,Strawberries,0.003420029239641087,NaN
Trifloxystrobin (raw),Strawberries,0.007078502890767447,NaN
Endosulfan sulfate,Strawberries,0.009020964735653543,0.010128425581594842
Propiconazole,Strawberries,0.003439792121810538,0.003970342263215456
"p,p'-DDT",Strawberries,0.004025457875957854,NaN
Tebuconazole,Strawberries,0.0031016636600891194,0.004547399645667284
Piperonyl butoxide,Strawberries,0.0031916826432523155,NaN
Bioresmethrin,Strawberries,0.01260722009059486,0.019025400171893376
Iprodione,Strawberries,0.013759018860369369,0.020413478857059585
Phosmet,Strawberries,0.006502210002809421,0.010328604129566885
Bifenthrin,Strawberries,0.0024457501202685547,NaN
Fenoxycarb,Strawberries,0.005901556157435519,0.005931763225718505
Tebufenpyrad,Strawberries,0.003178664739133317,0.003771981651364609
Tetradifon,Strawberries,0.005478223990969894,NaN
Phenothrin,Strawberries,0.003519593455960233,0.003594116223575892
Azinphos-methyl,Strawberries,0.007763837109745836,0.01262818651104833
Pyriproxyfen,Strawberries,0.004046419738288737,NaN
Cyhalothrin,Strawberries,0.002683488312590447,NaN
Fenarimol,Strawberries,0.0035459713335576617,0.004314707563734096
Azinphos-ethyl,Strawberries,0.004536642349747647,0.007245231366286403
Bitertanol,Strawberries,0.0029831372641076935,NaN
Permethrin,Strawberries,0.003258519237176242,0.0037941975929239214
Cyfluthrin,Strawberries,0.003742925814225236,0.003884514082850513
Cypermethrin,Strawberries,0.003787177405194097,0.004357335749048033
Boscalid,Strawberries,0.004139124591136679,NaN
Fenvalerate,Strawberries,0.0059739446168937844,NaN
Pyraclostrobin,Strawberries,0.00550358800714416,0.009277592748708272
tau-Fluvalinate,Strawberries,0.004015465143350186,0.005034929895005394
Difenoconazole,Strawberries,0.0030351454555767048,NaN
Indoxacarb,Strawberries,0.005829501462525531,0.006401923658605452
Deltamethrin,Strawberries,0.003558012866131256,0.00489698275839873
Azoxystrobin,Strawberries,0.005027448941276568,0.006936860775232986
Dimethomorph,Strawberries,0.00332859711142077,0.0037939328579473016
